Country,Year,ED,Expenditure,Irate,Population,Tax,Trade,First_sector_GDP,First_sector_Inv
Austria,1994,849432.583,55.48612230829965,,,,,,
Austria,1995,882550.058,56.0,0.29000000000000004,,-0.8859366244357574,871.4289595087985,46.08664177005403,-97.91224065787128
Austria,1996,961798.352,56.0,-2.0,-5165.0,1.5,-769.2999999999997,25.700000000000273,211.29999999999973
Austria,1997,950097.615,52.7,-0.6875,2321.0,0.6999999999999957,1439.1999999999998,145.30000000000018,281.4000000000001
Austria,1998,971582.69,52.6,-0.5133999999999999,-5749.0,0.0,1085.5,162.79999999999927,-251.79999999999973
Austria,1999,980833.824,52.4,-0.7225000000000001,5195.0,-0.3999999999999986,1364.4,250.0,59.19999999999982
Austria,2000,987164.955,51.4,1.6056999999999997,8380.0,-0.7999999999999972,1919.9,-248.59999999999945,-170.70000000000027
Austria,2001,1045151.63,51.8,-0.7027999999999999,-965.0,1.5,900.1999999999998,71.30000000000018,66.0
Austria,2002,1052795.994,51.6,-0.5935999999999999,23934.0,-1.1000000000000014,4622.4,-31.800000000000182,-152.69999999999982
Austria,2003,1112017.485,51.8,-1.1587,-6061.0,-0.3999999999999986,-1983.6999999999998,-153.5,-54.5
Austria,2004,1122335.017,54.3,-0.05929999999999991,5667.0,-0.5,745.9000000000005,619.3000000000002,34.40000000000009
Austria,2005,1144773.822,51.7,0.05820000000000025,16486.0,-1.2000000000000028,1014.7999999999993,-10.400000000000546,134.5999999999999
Austria,2006,1162648.966,50.9,1.1031999999999997,-5847.0,-0.6000000000000014,1483.5,-78.19999999999982,-114.40000000000009
Austria,2007,1136167.104,49.7,1.0140000000000002,-24253.0,0.10000000000000142,2833.8999999999996,419.10000000000036,315.0999999999999
Austria,2008,1137348.097,50.4,0.37599999999999945,-3681.0,0.7000000000000028,533.8000000000011,491.89999999999964,245.10000000000036
Austria,2009,1110439.188,54.6,-3.2156999999999996,2009.0,-0.30000000000000426,-3339.1000000000004,-479.8000000000002,-105.80000000000018
Austria,2010,1162629.541,53.4,-0.2570000000000001,-10374.0,-0.09999999999999432,702.6000000000004,-243.40000000000055,-28.800000000000182
Austria,2011,1120464.134,51.3,0.6545000000000001,6881.0,0.09999999999999432,-1703.0,778.1000000000004,79.10000000000036
Austria,2012,1132741.583,51.8,-0.8936,9436.0,0.7000000000000028,240.1999999999989,-340.7999999999993,-30.0
Austria,2013,1156661.738,52.4,-0.5782,10782.0,1.0,78.20000000000073,-292.5,32.19999999999982
Austria,2014,1115472.117,52.4,-0.06090000000000001,12187.0,0.10000000000000142,1640.0,267.09999999999945,-342.8000000000002
Austria,2015,1142111.956,51.2,-0.3074,21214.0,0.29999999999999716,1954.7000000000007,-213.39999999999964,-125.5
Austria,2016,1170832.574,50.6,-0.2026,38405.0,-1.5,779.5,191.69999999999982,-157.89999999999964
Austria,2017,1180130.579,49.8,-0.1103,-43151.0,0.0,-1977.800000000001,52.30000000000018,198.0999999999999
Austria,2018,1167794.406,49.2,-0.02779999999999999,-22992.0,0.3999999999999986,227.20000000000073,24.399999999999636,194.0999999999999
Austria,2019,1186521.832,49.1,-0.044300000000000006,-12894.0,0.20000000000000284,2584.7999999999993,-155.30000000000018,-15.900000000000091
Austria,2020,1128482.74,57.3,-0.08840000000000003,5781.0,-0.6000000000000014,-1336.3999999999996,-371.5,20.5
Austria,2021,1195922.712,56.0,-0.18489999999999995,-10689.0,1.1000000000000014,-9294.7,398.3000000000011,949.2000000000003
Austria,2022,1120880.35,53.0,1.5902999999999998,14665.0,-0.5,-5604.6,171.89999999999964,-644.6000000000004
Austria,2023,1071033.951,52.7,2.765,79578.0,0.0,12062.099999999999,-359.10000000000036,-51.0
Belgium,1994,1496385.664,,,,,,,
Belgium,1995,1543084.656,0.4156351590164036,0.29000000000000004,,-0.3918587268424645,-394.4606788683541,80.7931680120837,0.8587985496423016
Belgium,1996,1635820.612,0.5,-2.0,-17470.0,0.7000000000000028,-1502.8000000000002,-20.799999999999727,300.9999999999999
Belgium,1997,1624995.739,-1.5,-0.6875,14706.0,0.3999999999999986,1685.8000000000002,95.80000000000018,-264.9
Belgium,1998,1664443.789,-0.6000000000000014,-0.5133999999999999,-5141.0,0.6000000000000014,-255.10000000000036,39.499999999999545,-52.10000000000002
Belgium,1999,1664652.519,-0.5,-0.7225000000000001,-550.0,-0.20000000000000284,1178.0,18.0,18.000000000000114
Belgium,2000,1709083.236,-1.1000000000000014,1.6056999999999997,3845.0,-0.3999999999999986,-2241.7,159.30000000000018,-21.399999999999977
Belgium,2001,1745061.377,0.0,-0.7027999999999999,-1004.0,-0.10000000000000142,2296.2,-216.30000000000018,-7.900000000000091
Belgium,2002,1671558.6,0.5,-0.5935999999999999,21982.0,0.30000000000000426,5600.200000000001,226.4000000000001,90.79999999999995
Belgium,2003,1744525.835,1.1000000000000014,-1.1587,-192.0,-0.6000000000000014,-175.5,-79.40000000000009,-136.29999999999995
Belgium,2004,1763509.577,-1.7000000000000028,-0.05929999999999991,-5542.0,0.10000000000000142,-538.4000000000015,190.5,57.90000000000009
Belgium,2005,1742655.551,2.6000000000000014,0.05820000000000025,8854.0,-0.20000000000000284,-2011.7999999999993,-48.69999999999982,71.59999999999991
Belgium,2006,1686734.906,-3.1000000000000014,1.1031999999999997,16099.0,-0.10000000000000142,629.2000000000007,256.4000000000001,177.20000000000005
Belgium,2007,1624668.923,-0.19999999999999574,1.0140000000000002,7622.0,-0.29999999999999716,1065.0,8.400000000000091,160.79999999999995
Belgium,2008,1745739.059,2.1999999999999957,0.37599999999999945,9180.0,0.7999999999999972,-11842.7,95.49999999999955,125.20000000000005
Belgium,2009,1665818.182,3.700000000000003,-3.2156999999999996,3882.0,-0.7999999999999972,4775.1,85.90000000000055,73.10000000000014
Belgium,2010,1799629.64,-0.6000000000000014,-0.2570000000000001,611.0,0.5,-1714.7000000000007,251.99999999999955,-76.10000000000014
Belgium,2011,1658708.863,1.1000000000000014,0.6545000000000001,73908.0,0.5,-6270.7,26.09999999999991,161.10000000000014
Belgium,2012,1640184.535,1.2000000000000028,-0.8936,-85482.0,1.1000000000000014,-263.20000000000005,23.5,-14.200000000000273
Belgium,2013,1731727.22,-0.30000000000000426,-0.5782,-13166.0,0.7999999999999972,2090.4,-311.1999999999998,-46.799999999999955
Belgium,2014,1663322.102,-0.5,-0.06090000000000001,-19219.0,-0.3999999999999986,-86.69999999999993,218.4000000000001,6.0
Belgium,2015,1715533.091,-1.5,-0.3074,13568.0,-0.5,1957.2,410.1999999999998,28.299999999999955
Belgium,2016,1713328.045,-0.5,-0.2026,17409.0,-0.7999999999999972,-2088.8,-254.0,-3.5
Belgium,2017,1702959.785,-1.1000000000000014,-0.1103,-33233.0,0.5999999999999943,-832.8000000000001,179.0,87.09999999999991
Belgium,2018,1721721.123,0.20000000000000284,-0.02779999999999999,6252.0,-0.09999999999999432,-5958.900000000001,-336.5999999999999,104.00000000000023
Belgium,2019,1679663.128,-0.7000000000000028,-0.044300000000000006,10068.0,-1.6000000000000014,8277.0,182.0,242.70000000000005
Belgium,2020,1601042.723,6.700000000000003,-0.08840000000000003,9991.0,-0.10000000000000142,4444.4,-157.69999999999982,-21.300000000000182
Belgium,2021,1715375.374,-3.6000000000000014,-0.18489999999999995,-34594.0,0.0,2762.3,-2.300000000000182,50.100000000000136
Belgium,2022,1553137.949,-2.6999999999999957,1.5902999999999998,30529.0,-0.7999999999999972,-17688.7,-13.5,-23.799999999999955
Belgium,2023,1530648.748,1.0999999999999943,2.765,62317.0,0.09999999999999432,4655.900000000001,41.90000000000009,-241.0
Croatia,1994,,,,,,,1880.8289325769413,
Croatia,1995,,0.06664719767240967,0.29000000000000004,13738.0,,105.05696019922743,1847.4,5.617751709721109
Croatia,1996,14134.712,-0.7999999999999972,-2.0,-77726.0,,200.0999999999999,1840.3,17.799999999999997
Croatia,1997,-14222.860000000015,-3.3000000000000043,-0.6875,-48139.0,-2.7244416985308106,-1488.0,1998.3,69.9
Croatia,1998,-9113.773999999976,0.7000000000000028,-0.5133999999999999,3784.0,4.299999999999997,1183.6000000000001,2052.6,71.3
Croatia,1999,10555.657000000007,2.0,-0.7225000000000001,-9352.0,-4.600000000000001,210.29999999999995,2024.2,-72.0
Croatia,2000,-17203.215000000026,-1.8999999999999986,1.6056999999999997,-29725.0,2.20000000000001,283.9000000000001,2057.3,40.0
Croatia,2001,16669.94099999999,-4.0,-0.7027999999999999,-202329.0,-0.10000000000001563,-296.5,2036.6,4.400000000000006
Croatia,2002,-5846.005999999994,-1.3999999999999986,-0.5935999999999999,10088.0,1.1000000000000156,-1355.6,2286.6,35.900000000000006
Croatia,2003,20114.80800000002,0.3999999999999986,-1.1587,-110.0,-1.3000000000000114,-513.2000000000003,2066.5,94.89999999999998
Croatia,2004,-14199.680999999982,-0.6000000000000014,-0.05929999999999991,341.0,0.10000000000000853,330.0999999999999,2378.0,11.699999999999989
Croatia,2005,-443.5370000000694,-2.5,0.05820000000000025,5136.0,0.8999999999999915,-319.5999999999999,2319.4,12.600000000000023
Croatia,2006,-8898.458999999915,-1.8999999999999986,1.1031999999999997,1626.0,0.20000000000000284,-222.9000000000001,2638.9,59.5
Croatia,2007,3860.5209999999497,1.6999999999999957,1.0140000000000002,1043.0,-1.1999999999999957,-277.89999999999964,2490.4,-46.69999999999999
Croatia,2008,835.5200000000186,0.0,0.37599999999999945,-1563.0,-0.3999999999999986,-1217.6000000000004,2656.8,205.99999999999994
Croatia,2009,-17743.07700000005,2.9000000000000057,-3.2156999999999996,-2171.0,0.19999999999998863,2396.1000000000004,2611.2000000000003,-143.99999999999994
Croatia,2010,14381.917000000074,-1.1000000000000014,-0.2570000000000001,-6949.0,0.6000000000000085,1768.1,2378.9,10.699999999999989
Croatia,2011,-11644.915000000037,0.5,0.6545000000000001,-12990.0,0.0,-14.799999999999955,2235.3,26.0
Croatia,2012,-5301.612000000023,-1.3000000000000043,-0.8936,-13873.0,0.8999999999999986,51.0,1848.8,-156.39999999999998
Croatia,2013,12363.848000000056,0.6000000000000014,-0.5782,-28181.0,-0.8999999999999986,-169.20000000000005,1945.5,74.79999999999995
Croatia,2014,-10472.687000000034,0.8000000000000043,-0.06090000000000001,-30171.0,-0.3999999999999986,717.8,1656.1,-69.19999999999993
Croatia,2015,28474.937999999966,-1.2000000000000028,-0.3074,-36717.0,0.5999999999999872,264.9,1598.6,43.49999999999994
Croatia,2016,-13048.497999999963,-1.6000000000000014,-0.2026,-49800.0,-0.4999999999999787,428.79999999999995,1648.6,32.400000000000034
Croatia,2017,10299.04800000001,-1.6000000000000014,-0.1103,-52346.0,-0.4000000000000199,-220.5,1620.9,67.5
Croatia,2018,-18346.083999999973,0.8000000000000043,-0.02779999999999999,-64428.0,1.3000000000000114,-754.4,1703.4,4.699999999999989
Croatia,2019,11716.110999999917,1.1999999999999957,-0.044300000000000006,-45665.0,-1.1000000000000014,225.4,1721.3000000000002,45.19999999999999
Croatia,2020,-18667.76099999994,7.400000000000006,-0.08840000000000003,-35165.0,-0.5000000000000071,-3314.9,1680.9,-5.800000000000011
Croatia,2021,27707.206999999995,-5.600000000000001,-0.18489999999999995,-40485.0,0.8000000000000114,1934.7,1826.9,36.19999999999999
Croatia,2022,-30368.95000000001,-3.200000000000003,1.5902999999999998,-30721.0,1.499999999999993,-2600.0999999999995,1842.3,47.89999999999998
Croatia,2023,29236.281000000017,1.7000000000000028,2.765,-11411.0,-2.0,2775.0999999999995,1874.4,2.1000000000000227
Cyprus,1994,,,,,,,,
Cyprus,1995,-7775.238999999994,,0.29000000000000004,12455.0,0.9217035341825195,-55.9317107521554,-18.31297155749644,2.874985081137538
Cyprus,1996,6872.202999999994,2.1403863432381556,-2.0,10934.0,-0.3999999999999986,31.39999999999999,22.299999999999955,-6.700000000000003
Cyprus,1997,-3332.834999999999,-0.3999999999999986,-0.6875,9980.0,-0.5,-82.89999999999999,-97.09999999999991,6.799999999999997
Cyprus,1998,3219.3080000000045,-1.5,-0.5133999999999999,8902.0,1.3999999999999986,344.6,77.29999999999995,9.400000000000006
Cyprus,1999,-1413.530000000006,0.0,-0.7225000000000001,7647.0,0.1999999999999993,32.60000000000002,34.60000000000002,7.200000000000003
Cyprus,2000,5582.980000000003,0.5,1.6056999999999997,7635.0,2.0,2.5,-8.100000000000023,6.099999999999994
Cyprus,2001,761.0550000000003,0.20000000000000284,-0.7027999999999999,7052.0,0.5,267.5,36.60000000000002,9.300000000000011
Cyprus,2002,337.2980000000025,1.0999999999999943,-0.5935999999999999,7990.0,0.10000000000000142,-388.8,32.19999999999993,-21.200000000000017
Cyprus,2003,2313.1349999999948,2.200000000000003,-1.1587,8181.0,1.1000000000000014,54.29999999999998,-54.19999999999993,-6.799999999999997
Cyprus,2004,-2395.495999999999,-6.0,-0.05929999999999991,9173.0,0.5999999999999979,-212.9,21.899999999999977,-12.400000000000006
Cyprus,2005,114.20300000000134,2.6000000000000014,0.05820000000000025,10174.0,1.8000000000000007,-62.8,-40.39999999999998,-8.699999999999989
Cyprus,2006,3562.409999999996,-1.1000000000000014,1.1031999999999997,10946.0,0.7000000000000028,-397.20000000000005,-71.60000000000002,-10.799999999999997
Cyprus,2007,3791.8340000000026,-0.3999999999999986,1.0140000000000002,13903.0,4.099999999999994,-359.49999999999994,-30.5,-10.800000000000004
Cyprus,2008,5248.5899999999965,1.5999999999999943,0.37599999999999945,18417.0,-1.5999999999999943,-1589.3,-36.39999999999998,-2.3999999999999986
Cyprus,2009,-2548.350999999995,3.4000000000000057,-3.2156999999999996,20597.0,-2.6000000000000014,1427.6,-51.80000000000001,-9.700000000000003
Cyprus,2010,-1603.0540000000037,-4.5,-0.2570000000000001,22210.0,-0.30000000000000426,-603.7,35.39999999999998,-2.700000000000003
Cyprus,2011,-2828.129000000001,0.7999999999999972,0.6545000000000001,20611.0,0.20000000000000284,865.7,12.5,63.2
Cyprus,2012,-4466.525999999998,9.300000000000004,-0.8936,22260.0,0.3999999999999986,388.0,-37.19999999999999,-42.5
Cyprus,2013,-5599.209999999999,-18.000000000000007,-0.5782,3867.0,0.5,649.2,-20.399999999999977,113.4
Cyprus,2014,1022.0260000000053,14.100000000000009,-0.06090000000000001,-7878.0,1.3999999999999986,-115.5,-63.60000000000002,22.0
Cyprus,2015,1146.117999999995,-14.800000000000004,-0.3074,-10992.0,-0.5999999999999943,309.7,15.399999999999977,35.900000000000006
Cyprus,2016,3155.4190000000017,5.5,-0.2026,1311.0,-1.2000000000000028,-124.89999999999998,54.60000000000002,-183.70000000000002
Cyprus,2017,3226.0160000000033,2.3999999999999986,-0.1103,6483.0,0.5,-439.1,-30.30000000000001,132.9
Cyprus,2018,1844.3419999999896,6.899999999999999,-0.02779999999999999,9434.0,-0.10000000000000142,374.1,-3.8000000000000114,-4.300000000000011
Cyprus,2019,1207.6510000000126,-9.799999999999997,-0.044300000000000006,11663.0,0.8999999999999986,-68.30000000000001,27.100000000000023,-34.19999999999999
Cyprus,2020,-3968.1760000000068,9.600000000000001,-0.08840000000000003,12106.0,-0.29999999999999716,-544.2,-10.699999999999989,-61.5
Cyprus,2021,2275.695000000007,-8.899999999999999,-0.18489999999999995,8002.0,0.10000000000000142,1511.4,-15.5,9.0
Cyprus,2022,1960.7369999999937,-1.4000000000000057,1.5902999999999998,8698.0,0.29999999999999716,-256.9000000000001,-59.0,305.2000000000001
Cyprus,2023,555.4959999999992,8.700000000000003,2.765,44379.0,2.8999999999999986,-555.0,6.5,-308.0000000000001
Denmark,1994,,,,,,,,
Denmark,1995,9313.753999999957,0.3364684165458627,0.1855533835948293,,-0.29391722450716173,-1138.7000000000007,358.6999999999989,326.2000000000003
Denmark,1996,24975.298000000068,-0.5,-1.1788999999999996,,0.20000000000000284,1712.2000000000007,677.8000000000011,89.09999999999991
Denmark,1997,-12027.74700000009,-2.0,-0.1795,-27448.0,-0.10000000000000142,-1699.9000000000005,564.2999999999993,114.40000000000009
Denmark,1998,7434.838000000105,-0.6000000000000014,0.29549999999999965,6860.0,0.6000000000000014,-1811.8000000000002,-249.39999999999964,-46.20000000000027
Denmark,1999,-18001.302000000025,-0.8999999999999986,-0.6608,3333.0,0.6000000000000014,5156.4,809.2000000000007,-99.09999999999991
Denmark,2000,-9137.246000000043,-1.8000000000000043,1.7618,-1252.0,-1.1000000000000014,1928.2000000000007,1305.699999999999,128.5
Denmark,2001,17149.347999999998,0.10000000000000142,-0.8944000000000001,5023.0,-0.8999999999999986,1195.6000000000004,-271.60000000000036,483.8000000000002
Denmark,2002,-11579.873999999953,0.10000000000000142,-0.7969999999999997,-2799.0,-0.5,-136.89999999999964,7.700000000000728,-208.0
Denmark,2003,9360.418999999994,0.3999999999999986,-1.3208000000000002,-3939.0,0.19999999999999574,133.89999999999964,-105.0,162.0999999999999
Denmark,2004,7673.599999999977,-0.7000000000000028,-0.06990000000000007,2969.0,0.5,-1703.6000000000004,884.7000000000007,-371.3000000000002
Denmark,2005,-7875.494999999995,-1.6999999999999957,0.0,652.0,1.5,-16.0,-241.3000000000011,-60.09999999999991
Denmark,2006,12455.305999999982,-1.3999999999999986,1.1828000000000003,2657.0,-1.5,-2519.8999999999996,-271.10000000000036,522.5999999999999
Denmark,2007,3431.5130000000354,-0.20000000000000284,1.0544999999999995,1282.0,0.0,-2471.5,-248.59999999999854,619.2000000000003
Denmark,2008,-19046.933000000077,0.7999999999999972,0.7842000000000002,5511.0,-1.7999999999999972,1998.5,-1669.7000000000007,-161.60000000000036
Denmark,2009,-21015.5909999999,6.0,-2.7367,-2129.0,0.0,2265.199999999999,-722.7000000000007,-854.2999999999997
Denmark,2010,36618.35499999998,0.20000000000000284,-0.8879000000000001,-19326.0,0.29999999999999716,5846.9000000000015,739.4000000000015,-770.7
Denmark,2011,-27931.99900000007,-0.20000000000000284,0.15050000000000008,14976.0,0.0,-1269.0,-975.4000000000015,-33.0
Denmark,2012,-9344.368999999948,1.6000000000000014,-0.7614000000000001,-8605.0,0.7000000000000028,-521.3000000000011,156.90000000000146,393.60000000000014
Denmark,2013,-5622.383999999962,-2.299999999999997,-0.3940999999999999,8226.0,0.20000000000000284,1418.300000000001,-709.3000000000011,256.0999999999999
Denmark,2014,-26500.63400000008,-0.5,-0.05069999999999997,271.0,2.799999999999997,983.0999999999985,560.7000000000007,354.2999999999997
Denmark,2015,17008.869000000064,-0.7000000000000028,-0.41540000000000005,5378.0,-2.3999999999999986,538.6000000000022,-1041.5,1.5
Denmark,2016,17432.253999999957,-2.0,-0.09090000000000001,7183.0,-0.7000000000000028,-652.8000000000029,-480.0,-610.3999999999996
Denmark,2017,10748.177000000025,-1.7999999999999972,-0.1401,-21074.0,-0.3999999999999986,2028.0,193.59999999999945,-558.2000000000003
Denmark,2018,1069.1289999999572,0.19999999999999574,-0.0479,-3079.0,-1.1000000000000014,-3552.399999999998,-241.80000000000018,210.60000000000014
Denmark,2019,-5828.685999999987,-1.0,-0.0888,1567.0,2.700000000000003,3032.0999999999985,-32.5,117.99999999999977
Denmark,2020,-30075.41200000001,3.5,0.1488,-679.0,0.0,-938.2000000000007,-270.89999999999964,-61.399999999999864
Denmark,2021,18730.898000000045,-3.8999999999999986,-0.06889999999999999,8809.0,0.0,3927.100000000002,360.1999999999998,237.79999999999995
Denmark,2022,-34519.312000000034,-4.5,1.4879,15493.0,-5.5,14993.3,105.59999999999945,-37.09999999999991
Denmark,2023,-7231.589999999967,1.8999999999999986,2.5603999999999996,9766.0,1.5,-5843.200000000001,-325.89999999999964,-86.77503671610793
Estonia,1994,143008.619,,,,,,,33.56929623392017
Estonia,1995,126857.857,0.7171245035242464,0.29000000000000004,,0.5492481390026782,144.14522198763046,5.2183528130129275,42.2
Estonia,1996,132117.289,-0.8000000000000043,-2.0,5994.0,-1.1000000000000014,-175.10000000000002,18.099999999999966,65.3
Estonia,1997,128563.659,-2.1999999999999957,-0.6875,3687.0,-0.29999999999999716,-75.59999999999997,63.200000000000045,85.5
Estonia,1998,121305.8,2.3999999999999986,-0.5133999999999999,6274.0,0.10000000000000142,-16.5,98.39999999999998,99.7
Estonia,1999,115123.321,1.0,-0.7225000000000001,-915.0,-1.3000000000000043,247.79999999999998,-75.19999999999999,118.8
Estonia,2000,105536.14,-3.700000000000003,1.6056999999999997,35850.0,-1.2999999999999972,37.099999999999994,74.19999999999999,140.2
Estonia,2001,118174.988,-1.1000000000000014,-0.7027999999999999,-30543.0,-0.7000000000000028,-76.19999999999999,-67.79999999999995,190.1
Estonia,2002,107053.685,0.6000000000000014,-0.5935999999999999,-680.0,0.7000000000000028,-303.2,65.29999999999995,221.6
Estonia,2003,109929.638,-0.8999999999999986,-1.1587,890.0,-0.20000000000000284,-159.70000000000005,59.60000000000002,198.5
Estonia,2004,127315.04,-0.8999999999999986,-0.05929999999999991,-620.0,0.20000000000000284,-25.5,16.100000000000023,232.4
Estonia,2005,133054.344,-0.3999999999999986,0.05820000000000025,1540.0,-1.2000000000000028,189.60000000000002,8.700000000000045,309.0
Estonia,2006,137238.559,-0.20000000000000284,1.1031999999999997,-750.0,0.6000000000000014,-796.8,65.49999999999989,309.8
Estonia,2007,155136.219,0.29999999999999716,1.0140000000000002,370.0,0.6000000000000014,-70.0,190.60000000000002,327.2
Estonia,2008,134884.782,5.700000000000003,0.37599999999999945,3300.0,0.3999999999999986,792.9,-40.799999999999955,364.1
Estonia,2009,100948.824,6.600000000000001,-3.2156999999999996,1780.0,3.3999999999999986,1350.4,-151.30000000000007,205.8
Estonia,2010,131356.048,-5.399999999999999,-0.2570000000000001,250.0,-1.6999999999999957,244.89999999999998,95.5,262.9
Estonia,2011,123556.571,-3.1000000000000014,0.6545000000000001,-1180.0,-1.8000000000000043,23.5,75.70000000000005,389.3
Estonia,2012,111962.809,1.7999999999999972,-0.8936,-813.0,0.6000000000000014,-673.3,11.199999999999932,361.4
Estonia,2013,126020.453,-1.1000000000000014,-0.5782,-600.0,-0.1999999999999993,145.39999999999998,-31.299999999999955,376.3
Estonia,2014,117834.205,-0.6999999999999957,-0.06090000000000001,688.0,0.5999999999999979,214.89999999999998,83.0,367.6
Estonia,2015,102650.82,1.6999999999999957,-0.3074,3406.0,1.1000000000000014,91.5,-0.5,290.2
Estonia,2016,139894.865,-0.3999999999999986,-0.2026,2023.0,0.20000000000000284,-36.69999999999993,-174.29999999999995,301.1
Estonia,2017,127853.353,0.0,-0.1103,-1383.0,-0.9000000000000057,255.0,108.39999999999998,346.9
Estonia,2018,124062.421,-0.10000000000000142,-0.02779999999999999,3807.0,0.0,-354.4000000000001,-58.19999999999993,422.3
Estonia,2019,124141.935,0.30000000000000426,-0.044300000000000006,2189.0,0.4000000000000057,437.20000000000005,60.299999999999955,336.6
Estonia,2020,123753.952,5.600000000000001,-0.08840000000000003,-1531.0,0.19999999999999574,-1351.4,-192.79999999999995,363.6
Estonia,2021,123487.545,-2.6000000000000014,-0.18489999999999995,-3064.0,0.7000000000000028,-107.80000000000001,-83.10000000000014,324.8
Estonia,2022,119775.382,-2.1000000000000014,1.5902999999999998,636.0,-1.0,-40.900000000000034,-144.69999999999993,374.1
Estonia,2023,109933.245,3.299999999999997,2.765,32360.0,0.8999999999999986,777.5,24.399999999999977,400.9
Finland,1994,,,,,,,,
Finland,1995,,-1.5,0.29000000000000004,,-1.3999999999999986,2735.0,,288.79999999999995
Finland,1996,124430.60400000017,-1.5,-2.0,-2770.0,1.1999999999999957,-449.90000000000055,,-9.700000000000045
Finland,1997,-7964.83600000001,-3.3999999999999986,-0.6875,-2578.0,-0.7999999999999972,1012.5,708.6999999999989,322.9000000000001
Finland,1998,-13467.635000000126,-3.8000000000000043,-0.5133999999999999,-465.0,-0.29999999999999716,1255.5,-1463.8999999999987,182.5999999999999
Finland,1999,-49707.007999999914,-1.2999999999999972,-0.7225000000000001,-2732.0,-0.6000000000000014,1911.6000000000004,1575.499999999999,152.4000000000001
Finland,2000,-20583.189999999944,-3.1000000000000014,1.6056999999999997,-641.0,1.3999999999999986,1125.0,-615.8999999999987,-47.80000000000018
Finland,2001,30191.731999999844,-0.6000000000000014,-0.7027999999999999,-1843.0,-2.700000000000003,872.0,-266.300000000002,110.30000000000018
Finland,2002,65413.98900000006,1.2000000000000028,-0.5935999999999999,3973.0,0.10000000000000142,-60.0,258.300000000002,38.19999999999982
Finland,2003,-42760.507999999914,0.7999999999999972,-1.1587,-2392.0,-0.8999999999999986,-3326.0,-180.20000000000073,25.09999999999991
Finland,2004,10548.918000000063,-0.19999999999999574,-0.05929999999999991,2043.0,-0.6000000000000014,-39.0,170.1999999999989,-179.5
Finland,2005,-77103.55100000021,-0.10000000000000142,0.05820000000000025,3442.0,0.30000000000000426,-3421.0,129.20000000000073,87.60000000000036
Finland,2006,94960.49699999997,-0.8999999999999986,1.1031999999999997,2090.0,0.0,667.0,-149.39999999999964,35.5
Finland,2007,-50275.60999999987,-1.5,1.0140000000000002,2406.0,-0.7000000000000028,1768.0,170.60000000000036,437.0999999999999
Finland,2008,-25265.899999999907,1.2999999999999972,0.37599999999999945,2154.0,-0.29999999999999716,-1945.0,-400.60000000000036,298.2999999999997
Finland,2009,-44912.656000000075,6.200000000000003,-3.2156999999999996,2301.0,-0.30000000000000426,-3319.0,443.60000000000036,-503.2999999999997
Finland,2010,168225.08299999987,-0.10000000000000142,-0.2570000000000001,-717.0,-0.19999999999999574,-1137.0,-553.7000000000025,-159.80000000000018
Finland,2011,-131308.3579999999,-0.20000000000000284,0.6545000000000001,-1264.0,1.2999999999999972,-4112.0,210.00000000000364,249.0999999999999
Finland,2012,21792.55200000014,1.9000000000000057,-0.8936,2142.0,0.7000000000000028,-1583.0,22.399999999997817,137.0
Finland,2013,-30629.25400000019,1.3999999999999986,-0.5782,-584.0,1.0,1123.0,92.10000000000036,45.70000000000027
Finland,2014,88619.55899999989,0.5,-0.06090000000000001,-811.0,0.19999999999999574,-87.0,265.40000000000055,-299.4000000000001
Finland,2015,-91167.23099999968,-1.8999999999999986,-0.3074,-4113.0,0.0,1253.0,-69.60000000000036,-440.9000000000001
Finland,2016,91893.79499999969,-0.6000000000000014,-0.2026,-4928.0,0.30000000000000426,-1439.0,-370.40000000000055,10.900000000000091
Finland,2017,-10933.274999999674,-2.3000000000000043,-0.1103,434.0,-0.9000000000000057,3162.0,375.40000000000055,177.5999999999999
Finland,2018,-18037.54500000039,-0.09999999999999432,-0.02779999999999999,-6156.0,-0.5,-2845.0,-575.0999999999985,-63.19999999999982
Finland,2019,-43291.61199999973,-0.10000000000000142,-0.044300000000000006,-5044.0,-0.19999999999999574,3564.0,711.5999999999967,-38.600000000000136
Finland,2020,-15514.38500000001,3.8999999999999986,-0.08840000000000003,2584.0,-0.3999999999999986,-1027.0,-693.7999999999975,111.70000000000005
Finland,2021,84081.43799999985,-1.3999999999999986,-0.18489999999999995,1128.0,1.3999999999999986,-442.0,346.39999999999964,-80.59999999999991
Finland,2022,-100976.86499999987,-2.5,1.5902999999999998,5947.0,-0.10000000000000142,-5439.0,86.49999999999909,-507.0999999999999
Finland,2023,52146.85699999996,3.1999999999999957,2.765,1281.0,-0.7999999999999972,6116.0,-601.1999999999998,-54.600000000000364
France,1994,,,,,44.47945922771651,,33157.0,12753.9
France,1995,200907.34200000018,0.571501767837475,0.29000000000000004,,44.1,3314.399999999998,34201.3,13741.1
France,1996,399656.5649999995,-0.10000000000000142,-2.0,-3661.0,45.3,3111.7000000000007,36153.8,14284.2
France,1997,-250936.77699999977,-0.3999999999999986,-0.6875,-3069.0,45.4,17351.500000000004,36282.0,14377.2
France,1998,224133.34100000001,-1.6000000000000014,-0.5133999999999999,4409.0,45.4,-2970.2000000000044,36939.8,15152.9
France,1999,-19550.387000000104,-0.29999999999999716,-0.7225000000000001,15151.0,46.1,-2985.5999999999985,38563.600000000006,15836.6
France,2000,-1.1509999996051192,-1.1000000000000014,1.6056999999999997,162840.0,45.2,-12780.400000000001,37664.5,15250.1
France,2001,410905.4399999995,0.19999999999999574,-0.7027999999999999,47804.0,45.1,4618.800000000003,36337.2,14837.7
France,2002,-116714.1099999994,1.1000000000000014,-0.5935999999999999,10428.0,44.4,6646.0,37914.9,13930.1
France,2003,97583.76999999955,0.5,-1.1587,-4669.0,44.3,-9582.800000000003,32284.4,13314.7
France,2004,104658.84499999974,-0.3999999999999986,-0.05929999999999991,-11899.0,44.4,-4676.699999999997,38319.7,13325.0
France,2005,-61537.7929999996,0.29999999999999716,0.05820000000000025,52476.0,44.7,-13612.300000000001,36094.7,12988.7
France,2006,-105589.33899999969,-0.5,1.1031999999999997,-23864.0,45.1,-9136.300000000001,36457.2,13146.4
France,2007,-113755.7650000006,-0.19999999999999574,1.0140000000000002,-41335.0,44.6,-8188.599999999999,36297.5,14186.0
France,2008,74133.42700000014,0.6999999999999957,0.37599999999999945,-53302.0,44.5,-7116.0,37503.8,14898.8
France,2009,-258250.7349999994,3.700000000000003,-3.2156999999999996,-19095.0,44.1,7091.5,39337.9,12892.8
France,2010,176128.90199999977,-0.29999999999999716,-0.2570000000000001,-34403.0,44.2,-10191.100000000002,38184.6,11883.1
France,2011,-153009.82600000035,-0.7000000000000028,0.6545000000000001,11235.0,45.3,-12853.399999999998,39744.8,13170.6
France,2012,158484.90500000026,0.8999999999999986,-0.8936,-21603.0,46.5,11719.7,36376.5,14441.0
France,2013,96583.93499999959,0.7000000000000028,-0.5782,25105.0,47.4,6289.0999999999985,35545.1,14131.3
France,2014,-419919.53199999966,-0.20000000000000284,-0.06090000000000001,242263.0,47.6,-1913.5,40636.6,13450.2
France,2015,146319.45500000007,-0.7999999999999972,-0.3074,-273457.0,47.7,12822.0,40358.7,12808.3
France,2016,45274.41500000004,-0.20000000000000284,-0.2026,-111935.0,47.7,-5138.6,35359.3,12200.3
France,2017,-15199.29600000009,0.30000000000000426,-0.1103,-8813.0,48.5,-9966.300000000001,38090.6,11993.5
France,2018,-102514.53199999966,-1.3000000000000043,-0.02779999999999999,44983.0,48.3,-5063.899999999998,39471.1,13184.8
France,2019,-7693.174000000581,-1.1000000000000014,-0.044300000000000006,47839.0,47.3,6953.9,38548.6,13199.0
France,2020,-601130.5120000001,6.400000000000006,-0.08840000000000003,-81067.0,47.4,-24171.5,35860.4,13093.3
France,2021,454754.94600000046,-2.200000000000003,-0.18489999999999995,71737.0,46.9,9569.600000000002,34457.1,14137.0
France,2022,-370727.70800000057,-1.1000000000000014,1.5902999999999998,108218.0,47.6,-43487.8,36662.3,14559.8
France,2023,-117861.41399999987,-1.3999999999999986,2.765,-177628.0,45.6,17460.800000000003,38041.2,14060.8
Germany,1994,,53.041466946575184,,,,,34229.76029787105,
Germany,1995,219632.29900000058,55.2,0.29000000000000004,200510.0,-0.22393377120773295,4917.4,34711.3,474.4562888197761
Germany,1996,392172.466,49.6,-2.0,278896.0,0.29999999999999716,5973.9,32545.4,-637.1999999999989
Germany,1997,-93990.1950000003,48.8,-0.6875,194663.0,0.0,6974.6,33014.4,-970.9000000000015
Germany,1998,-14600.069000000134,48.3,-0.5133999999999999,45217.0,0.10000000000000142,3371.4000000000015,33089.2,627.1000000000004
Germany,1999,-272697.54700000025,48.5,-0.7225000000000001,-20368.0,0.6999999999999957,-12169.900000000001,34646.700000000004,139.20000000000073
Germany,2000,-3358.8819999992847,48.1,1.6056999999999997,126464.0,-0.19999999999999574,-7699.0,34097.2,-279.39999999999964
Germany,2001,296724.41899999976,47.7,-0.7027999999999999,96065.0,-1.8999999999999986,30755.0,30356.6,-273.90000000000146
Germany,2002,-249951.52999999933,48.2,-0.5935999999999999,180769.0,-0.4000000000000057,55725.0,31267.7,-145.79999999999927
Germany,2003,-56572.55300000124,48.5,-1.1587,96371.0,0.30000000000000426,-8866.0,31043.9,-967.3999999999996
Germany,2004,95924.18800000101,47.0,-0.05929999999999991,-5009.0,-0.8999999999999986,32682.0,37221.5,133.1999999999989
Germany,2005,-37984.38800000027,46.9,0.05820000000000025,-30822.0,0.0,1372.0,28196.5,1515.6000000000004
Germany,2006,321429.4729999993,45.3,1.1031999999999997,-62854.0,0.19999999999999574,10472.0,28205.3,1592.1000000000004
Germany,2007,-689860.1569999997,43.5,1.0140000000000002,-123089.0,0.10000000000000142,36773.0,28529.0,-291.60000000000036
Germany,2008,270999.506000001,44.4,0.37599999999999945,-97069.0,0.3999999999999986,-12663.0,31782.1,1238.8999999999996
Germany,2009,-546584.9740000013,48.3,-3.2156999999999996,-215481.0,0.3999999999999986,-30819.0,30582.1,-1192.699999999999
Germany,2010,526392.5320000015,48.1,-0.2570000000000001,-200099.0,-1.5,14561.0,30171.7,-1257.800000000001
Germany,2011,-462587.7320000008,45.3,0.6545000000000001,-1580192.0,0.5,-179.0,30706.9,1892.5
Germany,2012,15474.476999999955,45.1,-0.8936,105835.0,0.7000000000000028,35721.0,30615.3,-620.6999999999989
Germany,2013,330804.31200000085,45.2,-0.5782,195846.0,0.29999999999999716,-3537.0,29366.7,-113.5
Germany,2014,-476738.966,44.5,-0.06090000000000001,243717.0,-0.09999999999999432,29628.0,32391.9,98.10000000000036
Germany,2015,77947.4579999987,44.5,-0.3074,430074.0,0.3999999999999986,33725.0,29080.5,-680.8000000000011
Germany,2016,111217.2809999995,44.7,-0.2026,978147.0,0.3999999999999986,3256.0,29886.9,-591.5
Germany,2017,217195.11800000072,44.6,-0.1103,345969.0,0.20000000000000284,3885.0,31159.2,97.10000000000036
Germany,2018,-193082.5089999996,44.7,-0.02779999999999999,270698.0,0.5,-30594.0,27337.5,-144.10000000000036
Germany,2019,58612.36999999918,45.6,-0.044300000000000006,226862.0,0.19999999999999574,-6099.0,29575.7,111.0
Germany,2020,-459271.31799999997,51.1,-0.08840000000000003,147498.0,-0.10000000000000142,-14941.0,29556.0,-283.39999999999964
Germany,2021,195667.41800000146,50.7,-0.18489999999999995,-11680.0,0.8000000000000043,5266.0,32937.9,-26.0
Germany,2022,-352462.31700000167,49.0,1.5902999999999998,82093.0,-0.3999999999999986,-90928.0,33515.6,278.60000000000036
Germany,2023,-622499.7879999988,48.4,2.765,-118623.0,-1.4000000000000057,68932.0,33346.8,-155.89999999999964
Greece,1994,,,,,,,,
Greece,1995,2727.73199999996,0.8438389781121032,0.29000000000000004,,0.06408854433769662,904.1282692777868,,4.615835861426035
Greece,1996,36287.978,-0.5,-2.0,,0.3999999999999986,-1576.1999999999998,29.80890834485399,108.5
Greece,1997,20191.424,-1.0,-0.6875,-17681.0,1.3000000000000007,995.6000000000004,503.9999999999982,203.4999999999999
Greece,1998,39283.16500000004,1.6000000000000014,-0.5133999999999999,34472.0,1.4000000000000021,-3670.800000000001,171.8000000000029,71.40000000000009
Greece,1999,-5312.8429999999935,1.2999999999999972,-0.7225000000000001,-32513.0,1.3999999999999986,-702.0,-437.40000000000146,125.5
Greece,2000,27712.998999999953,0.20000000000000284,1.6056999999999997,-17194.0,1.6000000000000014,-2709.0999999999985,-19.899999999999636,107.40000000000009
Greece,2001,29511.543000000063,-0.7000000000000028,-0.7027999999999999,59162.0,-1.7000000000000028,-252.0,11.199999999998909,70.89999999999986
Greece,2002,17123.285999999964,-0.3999999999999986,-0.5935999999999999,-40580.0,1.1000000000000014,779.7999999999993,-62.79999999999927,-327.29999999999995
Greece,2003,30773.430999999982,0.7999999999999972,-1.1587,-16712.0,-1.7000000000000028,-2908.5999999999985,188.5,249.0999999999999
Greece,2004,9000.665000000037,0.8999999999999986,-0.05929999999999991,21892.0,-1.0,1407.5999999999985,8.799999999999272,114.10000000000014
Greece,2005,12557.893999999971,-2.1999999999999957,0.05820000000000025,7841.0,1.3000000000000043,-45.0,180.3000000000011,216.89999999999986
Greece,2006,6892.9679999999935,-0.7000000000000028,1.1031999999999997,317.0,-1.0,-4172.299999999999,-1663.0,-109.19999999999982
Greece,2007,-31204.39399999997,1.8999999999999986,1.0140000000000002,-8773.0,0.7999999999999972,-4812.5,641.7999999999993,591.9000000000001
Greece,2008,30673.581000000006,3.700000000000003,0.37599999999999945,-2851.0,0.20000000000000284,-2251.5,653.3000000000011,427.7999999999997
Greece,2009,-25063.626000000047,3.299999999999997,-3.2156999999999996,15242.0,-0.8000000000000043,6642.5,-197.8000000000011,-491.1999999999998
Greece,2010,-50806.918999999994,-1.6999999999999957,-0.2570000000000001,-18143.0,1.2000000000000028,4206.5999999999985,-106.19999999999982,30.59999999999991
Greece,2011,-37421.468999999925,2.0,0.6545000000000001,-11177.0,2.1999999999999957,5137.800000000001,329.2000000000007,-587.9000000000001
Greece,2012,-19695.75199999998,2.799999999999997,-0.8936,-20648.0,3.5,3256.8999999999996,199.59999999999945,-253.0
Greece,2013,-113445.66300000006,6.0,-0.5782,-4716.0,-0.7999999999999972,4198.8,-742.3999999999996,510.5
Greece,2014,25274.076,-12.399999999999999,-0.06090000000000001,51788.0,0.6000000000000014,1625.8999999999996,787.9999999999991,-474.29999999999995
Greece,2015,35677.70499999996,3.299999999999997,-0.3074,2036.0,0.29999999999999716,894.7000000000003,-507.59999999999945,309.29999999999995
Greece,2016,13614.831000000006,-4.5,-0.2026,-13500.0,2.0,-689.3000000000002,-541.0999999999995,401.3000000000002
Greece,2017,-8172.948999999906,-1.6999999999999957,-0.1103,64196.0,0.20000000000000284,-82.5,1386.5999999999985,-62.80000000000018
Greece,2018,-36797.299,0.0,-0.02779999999999999,-70188.0,0.19999999999999574,-1220.9,-744.7999999999984,157.9000000000001
Greece,2019,25397.09699999995,-0.8999999999999986,-0.044300000000000006,21935.0,-1.2999999999999972,848.0,329.8999999999987,254.80000000000018
Greece,2020,-77796.73600000003,11.599999999999994,-0.08840000000000003,70.0,-0.10000000000000142,-9664.8,-1046.499999999999,-336.5
Greece,2021,18607.368000000017,-2.5999999999999943,-0.18489999999999995,-44431.0,0.10000000000000142,-1441.8999999999996,584.9999999999991,510.4000000000001
Greece,2022,25795.896000000066,-3.8000000000000043,1.5902999999999998,-145018.0,1.2999999999999972,-6208.0,1245.9000000000005,184.39999999999964
Greece,2023,-18686.137000000104,-3.3999999999999986,2.765,351967.0,-2.0999999999999943,9362.2,-2944.1000000000004,196.20000000000027
Ireland,1994,,,,,,,,1287.4099604406113
Ireland,1995,-10568.944000000018,1.3026652899679831,0.29000000000000004,,-0.5355344569449159,,,1206.8000000000002
Ireland,1996,31415.49800000002,-1.7999999999999972,-2.0,7985.0,0.20000000000000284,,-27.389334931647227,1378.1
Ireland,1997,27113.391000000003,-2.5,-0.6875,12442.0,-0.7999999999999972,,76.50000000000045,1528.8000000000002
Ireland,1998,20465.320000000007,-1.8999999999999986,-0.5133999999999999,3541.0,-0.8000000000000043,,-82.80000000000064,1444.2
Ireland,1999,10796.10599999997,-1.7000000000000028,-0.7225000000000001,189.0,-0.10000000000000142,18748.226857610014,-310.1999999999998,1315.9
Ireland,2000,23723.493000000017,-1.8999999999999986,1.6056999999999997,6939.0,-0.29999999999999716,-18628.300000000003,406.5,1286.3000000000002
Ireland,2001,13544.75,1.6000000000000014,-0.7027999999999999,9659.0,-2.1000000000000014,14788.300000000001,-391.0999999999999,1124.3
Ireland,2002,13649.798999999999,0.6999999999999957,-0.5935999999999999,11701.0,-0.7999999999999972,-7959.800000000005,289.4000000000001,1186.8
Ireland,2003,-21322.467000000004,-0.19999999999999574,-1.1587,-2430.0,0.6999999999999993,-2416.1999999999935,210.0,1273.4
Ireland,2004,19712.424,0.09999999999999432,-0.05929999999999991,171.0,1.0999999999999979,18140.199999999997,254.89999999999964,1125.9
Ireland,2005,7349.024000000034,0.20000000000000284,0.05820000000000025,18161.0,0.40000000000000213,-26509.29999999999,-1059.6999999999994,1183.4
Ireland,2006,13765.966999999946,0.6000000000000014,1.1031999999999997,13663.0,1.4000000000000021,23901.999999999978,316.49999999999955,1469.1
Ireland,2007,11990.572000000044,2.0,1.0140000000000002,35478.0,-0.5,-10342.999999999984,430.5999999999999,2002.1
Ireland,2008,2716.170999999973,6.0,0.37599999999999945,-14315.0,-1.7000000000000028,-11706.8,-62.19999999999936,2752.5
Ireland,2009,-7151.40399999998,5.299999999999997,-3.2156999999999996,-54090.0,-1.5,26632.399999999987,-454.900000000001,1304.8000000000002
Ireland,2010,-15766.05800000002,18.000000000000007,-0.2570000000000001,-35451.0,-0.6000000000000014,-32542.89999999999,674.1000000000008,997.4
Ireland,2011,-32697.331999999995,-18.10000000000001,0.6545000000000001,-6653.0,0.5,27760.800000000003,5.399999999999636,1175.2
Ireland,2012,4422.175999999978,-4.599999999999994,-0.8936,-3047.0,0.5,-17273.00000000001,-771.2999999999997,1494.9
Ireland,2013,-23526.661999999953,-2.4000000000000057,-0.5782,2086.0,-0.09999999999999787,25260.000000000007,632.1999999999998,1218.1999999999998
Ireland,2014,3011.1199999999953,-3.299999999999997,-0.06090000000000001,7581.0,-0.1999999999999993,-42029.999999999985,339.2999999999997,1263.4
Ireland,2015,27173.878999999957,-8.5,-0.3074,11702.0,-5.900000000000002,78570.99999999997,-419.09999999999945,1393.5
Ireland,2016,22428.911000000022,-0.5,-0.2026,8884.0,0.8000000000000007,-211751.5,147.09999999999945,1310.1
Ireland,2017,-4825.542000000016,-2.1999999999999993,-0.1103,24212.0,-1.3000000000000007,392384.70000000007,39.600000000000364,1295.3
Ireland,2018,7729.426000000036,-0.5,-0.02779999999999999,-16295.0,-0.09999999999999787,-405205.9000000001,-784.8000000000002,1264.6
Ireland,2019,7828.8369999999995,-0.9000000000000021,-0.044300000000000006,28002.0,-0.3000000000000007,105115.70000000008,1346.5,1489.8
Ireland,2020,-18303.772999999986,2.8000000000000007,-0.08840000000000003,-12289.0,-2.1000000000000014,426460.5999999999,-708.2999999999997,1339.9
Ireland,2021,9454.91399999999,-3.099999999999998,-0.18489999999999995,-17996.0,0.6999999999999993,-710403.2999999999,107.69999999999982,1354.1
Ireland,2022,-5777.075000000012,-3.0,1.5902999999999998,33091.0,0.20000000000000284,320600.99999999994,229.20000000000073,1118.4
Ireland,2023,-314.04100000002654,2.099999999999998,2.765,29734.0,1.5999999999999979,159236.70000000007,157.09999999999854,1086.9
Italy,1994,,,,,,,,10005.358025702328
Italy,1995,221678.3599999994,0.7709421288225329,0.29000000000000004,,-0.2327945188271343,-4231.2515775412685,-543.370030519538,9698.5
Italy,1996,53381.61500000022,-0.10000000000000142,-2.0,-2227.0,0.5,13954.599999999999,571.1999999999971,9573.1
Italy,1997,46179.88100000005,-2.0,-0.6875,32378.0,1.5999999999999943,-6151.5999999999985,949.7999999999956,10295.6
Italy,1998,124792.49399999995,-1.2999999999999972,-0.5133999999999999,-4152.0,-1.2999999999999972,-6272.4000000000015,669.3000000000102,10285.9
Italy,1999,94615.52799999993,-0.8999999999999986,-0.7225000000000001,-23285.0,0.10000000000000142,-13486.399999999998,1883.9999999999927,11054.4
Italy,2000,13961.85300000012,-0.7000000000000028,1.6056999999999997,9685.0,-1.1000000000000014,-10374.599999999999,698.8000000000029,12517.7
Italy,2001,115356.92900000047,0.7000000000000028,-0.7027999999999999,22753.0,-0.10000000000000142,5922.899999999998,-1369.0999999999985,11854.0
Italy,2002,-13650.243999999948,-0.6000000000000014,-0.5935999999999999,-4590.0,-0.29999999999999716,-6252.399999999998,-1568.699999999997,11820.6
Italy,2003,246021.50600000005,0.5,-1.1587,160530.0,0.19999999999999574,-3868.2000000000007,-1494.800000000003,11708.7
Italy,2004,-79306.04500000086,-0.29999999999999716,-0.05929999999999991,232504.0,-0.5999999999999943,2205.3999999999996,3703.699999999997,12612.7
Italy,2005,184860.50400000066,0.3999999999999986,0.05820000000000025,6766.0,-0.20000000000000284,-10035.0,-1766.5999999999985,12838.9
Italy,2006,-115339.02600000054,0.5,1.1031999999999997,-187750.0,1.1000000000000014,-11274.6,-342.6999999999971,13233.1
Italy,2007,-11877.069999999367,-1.0,1.0140000000000002,-22899.0,1.2999999999999972,7270.300000000001,411.6999999999971,12711.9
Italy,2008,13840.283999999985,1.1999999999999957,0.37599999999999945,269315.0,-0.10000000000000142,-6497.9,635.6999999999971,11198.4
Italy,2009,-253797.67400000058,3.3000000000000043,-3.2156999999999996,-72221.0,0.6000000000000014,2677.0,-511.29999999999563,9652.0
Italy,2010,37930.46400000062,-1.3000000000000043,-0.2570000000000001,-149099.0,-0.3999999999999986,-20223.100000000002,-24.5,10470.8
Italy,2011,-256058.58499999996,-0.7999999999999972,0.6545000000000001,-11543.0,-0.10000000000000142,7212.300000000003,520.0,11069.4
Italy,2012,-156660.71700000018,1.5,-0.8936,-101493.0,1.8999999999999986,40043.399999999994,-1350.300000000003,10062.4
Italy,2013,-49008.28299999982,0.3999999999999986,-0.5782,15436.0,0.20000000000000284,19893.3,454.40000000000146,8693.6
Italy,2014,-282258.8800000008,-0.19999999999999574,-0.06090000000000001,-103516.0,-0.29999999999999716,8020.700000000004,-582.9000000000015,9895.3
Italy,2015,153697.16000000015,-0.5,-0.3074,-119028.0,0.0,1800.199999999997,1418.0999999999985,9500.1
Italy,2016,-36620.4709999999,-1.2000000000000028,-0.2026,-81365.0,-0.9000000000000057,6519.199999999997,796.5,9131.8
Italy,2017,185039.17200000025,-0.20000000000000284,-0.1103,34807.0,-0.19999999999999574,-6919.5999999999985,-1271.0,9895.4
Italy,2018,-56334.16500000004,-0.5,-0.02779999999999999,-31987.0,-0.30000000000000426,-5232.0999999999985,885.5,12704.0
Italy,2019,-48801.31799999997,0.10000000000000142,-0.044300000000000006,7869.0,0.7000000000000028,16017.400000000001,-945.1999999999971,12765.0
Italy,2020,-392927.97200000007,8.399999999999999,-0.08840000000000003,-54089.0,0.3999999999999986,824.0999999999985,-1232.5999999999985,10669.8
Italy,2021,463666.48900000006,-0.7999999999999972,-0.18489999999999995,-230090.0,-0.3999999999999986,-21044.5,1526.5999999999985,12337.1
Italy,2022,-348950.9860000005,-1.1000000000000014,1.5902999999999998,199195.0,-0.6000000000000014,-73939.3,-2540.5,10945.2
Italy,2023,-62278.95599999931,-1.1000000000000014,2.765,173148.0,-0.19999999999999574,66779.70000000001,-1270.0,11467.127870328011
Latvia,1994,,,,,,,,
Latvia,1995,-8221.940000000002,0.328578240747774,0.29000000000000004,,,92.55676466827902,63.85074955321272,30.314653723499212
Latvia,1996,-4894.021000000008,-0.29999999999999716,-2.0,9275.0,,-227.5,-60.39999999999998,6.100000000000001
Latvia,1997,-2749.853999999992,-0.3999999999999986,-0.6875,6430.0,4.017393576996607,-96.09999999999997,49.0,3.3999999999999986
Latvia,1998,-4515.373999999982,2.8999999999999986,-0.5133999999999999,496.0,-2.8999999999999986,-253.70000000000005,-33.30000000000007,22.1
Latvia,1999,-14004.854000000021,3.0,-0.7225000000000001,2582.0,-1.3999999999999915,82.29999999999995,-44.799999999999955,4.100000000000001
Latvia,2000,-2043.383999999991,-3.8999999999999986,1.6056999999999997,4008.0,0.29999999999998295,3.5,100.09999999999991,11.399999999999999
Latvia,2001,12729.5,-2.700000000000003,-0.7027999999999999,-10798.0,2.500000000000014,-284.0999999999999,74.20000000000005,-9.200000000000003
Latvia,2002,158.95999999999185,0.8000000000000043,-0.5935999999999999,-4097.0,-0.6000000000000085,-58.0,59.5,53.0
Latvia,2003,10317.645000000019,-0.8000000000000043,-1.1587,10862.0,-0.09999999999999432,-284.60000000000014,-6.5,97.10000000000001
Latvia,2004,4570.174999999988,1.2000000000000028,-0.05929999999999991,-1304.0,-0.40000000000000213,-480.6999999999998,26.799999999999955,76.9
Latvia,2005,5459.867999999988,-0.30000000000000426,0.05820000000000025,-3926.0,0.3000000000000007,-176.60000000000014,88.20000000000005,255.3
Latvia,2006,8278.372000000003,2.200000000000003,1.1031999999999997,4946.0,0.5999999999999979,-1612.4999999999998,-19.700000000000045,-94.20000000000005
Latvia,2007,5896.258000000002,-2.0,1.0140000000000002,2816.0,-2.4999999999999964,-757.6000000000004,77.40000000000009,81.70000000000005
Latvia,2008,-8899.751999999979,3.700000000000003,0.37599999999999945,2004.0,1.6999999999999957,1235.7000000000003,-45.80000000000007,7.699999999999932
Latvia,2009,-6873.578000000009,6.199999999999996,-3.2156999999999996,-11946.0,-0.899999999999995,2730.6,109.00000000000011,-270.9
Latvia,2010,1844.0,0.5,-0.2570000000000001,-13354.0,2.399999999999995,1.0,-63.200000000000045,56.30000000000001
Latvia,2011,-9547.662000000011,-3.1000000000000014,0.6545000000000001,-3569.0,-0.8000000000000007,-791.8,29.799999999999955,159.2
Latvia,2012,6972.463000000018,-3.3999999999999986,-0.8936,16107.0,-1.999999999999993,-13.900000000000091,72.5,134.9000000000001
Latvia,2013,-6503.439000000013,-0.5,-0.5782,8804.0,1.399999999999995,184.80000000000007,-55.700000000000045,-156.10000000000008
Latvia,2014,1678.0320000000065,0.5,-0.06090000000000001,-1369.0,-0.10000000000000142,334.9,81.0,-117.19999999999999
Latvia,2015,-3876.8820000000123,-0.3999999999999986,-0.3074,6985.0,-0.49999999999999645,378.2,41.5,20.399999999999977
Latvia,2016,-75.77499999999418,-1.2000000000000028,-0.2026,-1767.0,1.4000000000000021,411.20000000000005,-46.200000000000045,135.10000000000002
Latvia,2017,6930.872000000003,0.8000000000000043,-0.1103,-1702.0,-1.500000000000007,-241.8,26.09999999999991,33.60000000000002
Latvia,2018,6589.5899999999965,1.1000000000000014,-0.02779999999999999,3104.0,-0.5999999999999979,-26.299999999999983,-28.499999999999773,141.29999999999995
Latvia,2019,-5825.6570000000065,-1.0,-0.044300000000000006,1326.0,2.6000000000000014,74.79999999999998,197.20000000000005,-191.5
Latvia,2020,-3903.4429999999993,4.599999999999994,-0.08840000000000003,2118.0,-2.5,483.9,5.5,-12.599999999999966
Latvia,2021,8047.786000000022,2.200000000000003,-0.18489999999999995,-2159.0,0.7000000000000028,-1444.2,-2.599999999999909,14.399999999999977
Latvia,2022,-7926.284000000014,-2.299999999999997,1.5902999999999998,-3014.0,1.3999999999999986,-740.0,-162.0,188.50000000000006
Latvia,2023,-942.564000000013,-0.20000000000000284,2.765,24717.0,-1.6000000000000085,303.70000000000005,-110.20000000000027,-32.20588565370713
Lithuania,1994,,37.23358868195948,,,28.184802950533893,,,
Lithuania,1995,,34.4,0.29000000000000004,,27.5,210.3719670360424,-65.29736852587371,1.2785273167287983
Lithuania,1996,,36.4,-2.0,526.0,27.1,-68.89999999999998,180.39999999999986,50.099999999999994
Lithuania,1997,,50.0,-0.6875,580.0,31.1,-285.4,105.5,71.29999999999998
Lithuania,1998,4616.35999999987,41.0,-0.5133999999999999,1447.0,32.6,-243.89999999999998,-80.50000000000023,-11.099999999999966
Lithuania,1999,-17414.459999999875,40.7,-0.7225000000000001,-108.0,32.5,115.20000000000005,-234.79999999999973,35.60000000000002
Lithuania,2000,31649.239999999932,39.4,1.6056999999999997,1533.0,30.8,260.79999999999995,73.69999999999982,65.39999999999998
Lithuania,2001,16304.670000000013,37.1,-0.7027999999999999,-749.0,29.3,24.59999999999991,-41.5,-0.6000000000000227
Lithuania,2002,-73415.905,35.1,-0.5935999999999999,-7285.0,29.0,-113.5,57.90000000000009,-6.399999999999977
Lithuania,2003,49773.80000000002,33.6,-1.1587,9221.0,28.6,-103.29999999999995,85.29999999999995,97.5
Lithuania,2004,-7149.350000000035,33.9,-0.05929999999999991,-9428.0,29.2,-322.0,-52.399999999999864,114.69999999999993
Lithuania,2005,2431.0350000000035,34.1,0.05820000000000025,-11141.0,29.5,-229.0999999999999,3.2999999999999545,-36.19999999999993
Lithuania,2006,-7218.659999999945,34.4,1.1031999999999997,-21676.0,30.5,-952.4000000000001,-142.70000000000005,-117.70000000000005
Lithuania,2007,20080.38499999995,35.3,1.0140000000000002,25533.0,30.4,-1333.9,137.4000000000001,-6.099999999999966
Lithuania,2008,-72565.35000000003,38.1,0.37599999999999945,2474.0,30.9,11.200000000000273,17.59999999999991,-66.80000000000001
Lithuania,2009,64000.2300000001,44.8,-3.2156999999999996,8629.0,30.6,3317.2999999999997,-23.799999999999955,-109.0
Lithuania,2010,65555.35499999992,43.0,-0.2570000000000001,-13131.0,29.1,-88.0,-72.89999999999986,252.0
Lithuania,2011,-103907.04499999995,40.1,0.6545000000000001,-47508.0,27.8,-279.5,93.69999999999982,144.29999999999995
Lithuania,2012,2515.4039999999222,36.6,-0.8936,40441.0,27.5,1044.7,151.0,-79.39999999999986
Lithuania,2013,23066.40900000013,35.7,-0.5782,19943.0,27.5,304.4,-39.5,234.89999999999998
Lithuania,2014,43951.354999999865,35.0,-0.06090000000000001,2229.0,28.1,194.59999999999997,68.79999999999995,-53.5
Lithuania,2015,-61972.10999999993,35.2,-0.3074,5557.0,29.3,-1072.3,56.700000000000045,-8.800000000000068
Lithuania,2016,27867.161000000022,34.5,-0.2026,-9853.0,30.2,652.3,-56.59999999999991,1.7999999999999545
Lithuania,2017,1937.7939999999362,33.4,-0.1103,-5425.0,29.9,687.0999999999999,20.09999999999991,22.399999999999977
Lithuania,2018,-26303.169999999984,33.7,-0.02779999999999999,3619.0,30.2,-116.69999999999993,-164.9000000000001,27.000000000000114
Lithuania,2019,23900.73800000004,34.5,-0.044300000000000006,18877.0,30.6,1737.9999999999998,140.20000000000005,-132.0
Lithuania,2020,-11148.61400000003,42.3,-0.08840000000000003,11777.0,31.6,1969.1999999999998,276.10000000000014,38.89999999999998
Lithuania,2021,37122.74300000002,37.3,-0.18489999999999995,3007.0,32.3,-2036.3999999999996,-147.30000000000018,89.30000000000007
Lithuania,2022,-88516.58300000007,36.2,1.5902999999999998,-5547.0,32.0,-3935.1,-33.799999999999955,-54.000000000000114
Lithuania,2023,123137.73100000012,37.4,2.765,56044.0,32.4,4291.799999999999,-44.5,-91.19999999999993
Luxembourg,1994,,,,,,,334.2018772574108,
Luxembourg,1995,-9960.892999999996,0.10109489272029748,0.29000000000000004,,,1235.5037960311818,326.8,
Luxembourg,1996,3435.1939999999886,0.30000000000000426,-2.0,500.0,0.0930087296886839,250.30000000000018,314.40000000000003,-117.12595314709213
Luxembourg,1997,813.4510000000009,-0.20000000000000284,-0.6875,-700.0,0.19999999999999574,168.30000000000018,288.29999999999995,136.79999999999998
Luxembourg,1998,39.25,0.3999999999999986,-0.5133999999999999,-50.0,0.4000000000000057,-124.90000000000009,325.6,-26.699999999999996
Luxembourg,1999,5450.330000000002,-1.6999999999999957,-0.7225000000000001,100.0,-1.5,709.9999999999995,361.2000000000001,-35.80000000000001
Luxembourg,2000,9121.05799999999,-2.200000000000003,1.6056999999999997,950.0,1.0,1159.2000000000007,332.8,87.80000000000001
Luxembourg,2001,5776.812000000005,0.10000000000000142,-0.7027999999999999,-850.0,0.09999999999999432,-91.90000000000055,272.0,-104.9
Luxembourg,2002,-112.06399999998393,3.6999999999999957,-0.5935999999999999,-350.0,-0.19999999999999574,344.3000000000002,353.5,80.4
Luxembourg,2003,9815.218999999983,1.5,-1.1587,-800.0,0.10000000000000142,-77.19999999999982,236.3,30.69999999999999
Luxembourg,2004,16522.357000000018,0.4000000000000057,-0.05929999999999991,2410.0,-1.3999999999999986,836.0,258.2,-103.19999999999999
Luxembourg,2005,3630.1169999999984,-0.30000000000000426,0.05820000000000025,-390.0,2.499999999999993,867.8000000000002,213.3,11.199999999999989
Luxembourg,2006,-2642.046000000002,-4.0,1.1031999999999997,1586.0,-3.3999999999999915,2978.6000000000004,227.2,15.099999999999994
Luxembourg,2007,-4219.433000000019,-2.0,1.0140000000000002,-755.0,2.5999999999999943,1804.3999999999996,243.1,-49.5
Luxembourg,2008,1528.2270000000135,0.5,0.37599999999999945,511.0,-1.2000000000000028,392.7999999999993,206.5,82.40000000000003
Luxembourg,2009,-11783.356999999989,4.800000000000004,-3.2156999999999996,2089.0,2.20000000000001,306.8000000000011,201.2,-33.10000000000002
Luxembourg,2010,10071.899999999994,-0.7000000000000028,-0.2570000000000001,-1135.0,-2.1000000000000085,841.6999999999989,223.2,-42.5
Luxembourg,2011,-68.70999999999185,-0.5,0.6545000000000001,1208.0,1.2000000000000028,-47.899999999999636,179.7,143.29999999999998
Luxembourg,2012,-3682.548999999999,0.29999999999999716,-0.8936,3239.0,-0.20000000000000284,840.1000000000004,200.6,-129.99999999999997
Luxembourg,2013,-2069.1560000000172,-0.5999999999999943,-0.5782,-827.0,-0.4999999999999929,1570.6000000000004,174.0,31.899999999999977
Luxembourg,2014,-6562.459000000003,-0.6000000000000014,-0.06090000000000001,455.0,0.09999999999999432,819.0999999999985,189.5,16.100000000000023
Luxembourg,2015,-2723.4709999999905,-0.20000000000000284,-0.3074,637.0,-1.1999999999999957,973.5,184.2,-192.20000000000002
Luxembourg,2016,71.25800000000163,-0.3999999999999986,-0.2026,13.0,1.999999999999993,1358.5,181.6,187.70000000000002
Luxembourg,2017,3055.282999999996,1.2999999999999972,-0.1103,1127.0,0.5000000000000071,-535.7000000000007,176.2,-26.700000000000017
Luxembourg,2018,5656.747999999992,1.1000000000000014,-0.02779999999999999,-3080.0,1.7999999999999972,1146.6000000000022,190.5,0.0
Luxembourg,2019,2280.920000000013,0.7000000000000028,-0.044300000000000006,551.0,-2.700000000000003,-560.7000000000007,180.8,14.700000000000017
Luxembourg,2020,-22330.97100000002,3.8999999999999986,-0.08840000000000003,325.0,-1.499999999999993,2892.2999999999993,168.0,0.6999999999999886
Luxembourg,2021,7225.568000000028,-4.200000000000003,-0.18489999999999995,-3592.0,0.9999999999999929,2180.9000000000015,176.0,36.29999999999998
Luxembourg,2022,-17531.64500000002,1.0,1.5902999999999998,2045.0,0.4000000000000057,2293.7999999999993,175.5,75.50000000000003
Luxembourg,2023,-4269.220000000001,4.100000000000001,2.765,4745.0,2.3999999999999915,-1933.5,172.7,-173.58274130786668
Netherlands,1994,,,,,,,,
Netherlands,1995,71772.33799999999,3.04004264918062,0.29000000000000004,,0.16092143218151733,,-447.20028350962457,-224.99435873644052
Netherlands,1996,141230.48100000015,-6.699999999999996,-2.0,,0.0,,1169.5,330.6999999999998
Netherlands,1997,-87852.3870000001,-1.6000000000000014,-0.6875,16253.0,-0.7999999999999972,8996.007445043739,-724.0999999999985,1556.8000000000002
Netherlands,1998,6781.9199999999255,-1.1000000000000014,-0.5133999999999999,10416.0,-0.3999999999999986,-4688.0,-898.4000000000015,-1150.8000000000002
Netherlands,1999,-1526.3110000002198,-1.1000000000000014,-0.7225000000000001,5081.0,0.8999999999999986,-27.000000000007276,70.90000000000146,612.0000000000009
Netherlands,2000,24346.332000000402,-1.0999999999999943,1.6056999999999997,-21256.0,-0.3999999999999986,8713.600000000006,-596.9000000000015,-345.2000000000007
Netherlands,2001,40303.882999999914,0.8999999999999986,-0.7027999999999999,21708.0,-1.2000000000000028,-11096.900000000001,-186.79999999999927,799.6999999999998
Netherlands,2002,31426.43200000003,0.6999999999999957,-0.5935999999999999,-24315.0,-0.5,3802.0,199.29999999999927,-75.79999999999927
Netherlands,2003,97353.46799999988,1.0,-1.1587,-26008.0,-0.20000000000000284,-2924.0,139.0,-72.40000000000055
Netherlands,2004,11607.467000000179,-1.0999999999999943,-0.05929999999999991,9096.0,0.0,10385.0,1508.5999999999985,-884.8000000000002
Netherlands,2005,-44287.189000000246,-1.3000000000000043,0.05820000000000025,3861.0,0.20000000000000284,-8683.0,-1873.2999999999993,592.1000000000004
Netherlands,2006,9338.993999999948,0.6000000000000014,1.1031999999999997,-844.0,0.7000000000000028,-151.0,-116.09999999999854,460.3000000000002
Netherlands,2007,-42947.94999999972,-0.7000000000000028,1.0140000000000002,13908.0,-0.6000000000000014,-8652.0,5.200000000000728,455.1999999999998
Netherlands,2008,-14233.513000000268,1.0,0.37599999999999945,28527.0,0.3999999999999986,27585.0,1223.5999999999985,972.7999999999993
Netherlands,2009,-46822.424000000115,4.100000000000001,-3.2156999999999996,9356.0,-0.7000000000000028,-37035.0,-493.40000000000146,-784.1999999999989
Netherlands,2010,209091.47800000012,0.5,-0.2570000000000001,-24167.0,0.4000000000000057,31136.0,1386.300000000003,-92.60000000000036
Netherlands,2011,-207506.09799999977,-1.1000000000000014,0.6545000000000001,-17206.0,-0.10000000000000142,-13448.0,-870.5,2353.6000000000004
Netherlands,2012,20918.21499999985,-0.19999999999999574,-0.8936,2131.0,0.10000000000000142,7941.0,-168.10000000000218,-927.8999999999996
Netherlands,2013,-30465.22399999993,-0.10000000000000142,-0.5782,-19061.0,0.5999999999999943,-11024.0,913.2999999999993,-881.7000000000007
Netherlands,2014,-203091.5789999999,-0.7999999999999972,-0.06090000000000001,25809.0,0.8000000000000043,9819.0,-880.5999999999985,978.8999999999996
Netherlands,2015,27450.841000000015,-1.4000000000000057,-0.3074,21236.0,-0.20000000000000284,-34148.0,-983.4000000000015,-1079.7999999999993
Netherlands,2016,72447.30799999973,-1.3999999999999986,-0.2026,-14766.0,1.2000000000000028,75316.0,-228.0,-807.8999999999996
Netherlands,2017,57518.575999999885,-1.1000000000000014,-0.1103,17036.0,0.19999999999999574,-68405.0,-879.2999999999993,-349.8000000000011
Netherlands,2018,-15152.008999999613,-0.3999999999999986,-0.02779999999999999,-26803.0,0.10000000000000142,22717.0,-947.2999999999993,-631.9999999999991
Netherlands,2019,-68231.21000000043,-0.29999999999999716,-0.044300000000000006,4312.0,0.20000000000000284,-3417.0,-281.40000000000146,1338.2999999999993
Netherlands,2020,-42975.50899999961,5.699999999999996,-0.08840000000000003,22841.0,0.6000000000000014,4443.0,-885.5999999999985,-1620.6999999999998
Netherlands,2021,49933.195999999996,-1.8999999999999986,-0.18489999999999995,-81935.0,-0.5,802.0,-493.0,-403.89999999999964
Netherlands,2022,-292195.8030000001,-2.6999999999999957,1.5902999999999998,105019.0,-1.0,-5024.0,-469.3999999999978,366.0
Netherlands,2023,-23574.929000000004,0.0,2.765,57935.0,0.3999999999999986,34435.0,-842.0000000000018,202.89999999999964
Portugal,1994,,,,,,,,
Portugal,1995,23612.58699999994,0.31447810287125577,0.29000000000000004,,0.01976993850381703,1578.707772055589,-0.8666254279451095,
Portugal,1996,28491.36200000008,0.5,-2.0,766.0,0.7000000000000028,-1070.5999999999995,146.29999999999927,162.79485598574377
Portugal,1997,36558.47499999998,-0.6000000000000014,-0.6875,5469.0,0.0,-1388.2000000000007,-295.6999999999998,-16.499999999999886
Portugal,1998,58315.496999999974,0.20000000000000284,-0.5133999999999999,9059.0,0.5,-1886.0,-131.69999999999982,-15.199999999999932
Portugal,1999,22905.967999999993,-0.10000000000000142,-0.7225000000000001,3314.0,0.6000000000000014,-2232.2999999999993,245.69999999999982,82.89999999999986
Portugal,2000,29740.89100000006,0.10000000000000142,1.6056999999999997,9512.0,0.29999999999999716,-1802.3999999999996,-155.89999999999964,-194.9000000000001
Portugal,2001,12615.284999999916,1.3999999999999986,-0.7027999999999999,19364.0,-0.29999999999999716,309.2999999999993,-32.0,53.00000000000023
Portugal,2002,26302.322000000044,-0.3999999999999986,-0.5935999999999999,-17857.0,0.6999999999999957,2237.8999999999996,93.30000000000018,-24.300000000000182
Portugal,2003,-4767.3120000000345,1.6999999999999957,-1.1587,-13972.0,-0.7999999999999972,2279.6000000000004,-148.0,-65.39999999999986
Portugal,2004,24631.233000000007,0.8999999999999986,-0.05929999999999991,-21465.0,0.3999999999999986,-2627.7000000000007,243.90000000000055,169.0999999999999
Portugal,2005,-79.90200000000186,0.5,0.05820000000000025,-6836.0,0.8999999999999986,-1932.199999999999,-233.5,-253.5999999999999
Portugal,2006,-32109.113000000012,-1.5999999999999943,1.1031999999999997,-4306.0,0.5,893.0,83.49999999999909,178.29999999999995
Portugal,2007,15838.984999999986,-0.7000000000000028,1.0140000000000002,3284.0,0.20000000000000284,-240.70000000000073,-118.39999999999964,52.200000000000045
Portugal,2008,-39110.73300000001,1.0,0.37599999999999945,151.0,-0.10000000000000142,-3848.1000000000004,92.40000000000055,-71.60000000000014
Portugal,2009,-22417.34699999995,4.799999999999997,-3.2156999999999996,-11076.0,-1.6000000000000014,4997.800000000001,-223.90000000000055,-189.69999999999982
Portugal,2010,-4302.015999999945,1.6000000000000014,-0.2570000000000001,790.0,0.30000000000000426,-1617.800000000001,14.5,342.5999999999999
Portugal,2011,-34412.966000000015,-1.8999999999999986,0.6545000000000001,-11223.0,1.6999999999999957,6352.6,54.19999999999982,-224.20000000000005
Portugal,2012,-71421.19300000009,-1.2000000000000028,-0.8936,-13013.0,-1.0,6545.400000000001,-67.0,47.40000000000009
Portugal,2013,-6739.454999999958,1.2000000000000028,-0.5782,-41290.0,2.700000000000003,2705.7,5.800000000000182,61.299999999999955
Portugal,2014,20950.04700000002,1.7000000000000028,-0.06090000000000001,-4736.0,-0.10000000000000142,-1614.1,-129.19999999999982,38.700000000000045
Portugal,2015,2473.783999999985,-3.4000000000000057,-0.3074,10826.0,0.0,1069.8000000000002,87.29999999999927,46.5
Portugal,2016,-5202.351999999955,-3.3999999999999986,-0.2026,22404.0,-0.29999999999999716,885.2,31.700000000000728,-195.9000000000001
Portugal,2017,11717.22199999995,0.6000000000000014,-0.1103,2491.0,0.0,-107.20000000000027,66.5,241.79999999999995
Portugal,2018,-3047.182999999961,-2.200000000000003,-0.02779999999999999,15368.0,0.29999999999999716,-836.7999999999997,-0.8999999999996362,-87.69999999999982
Portugal,2019,27210.217999999993,-0.7999999999999972,-0.044300000000000006,6434.0,-0.20000000000000284,-121.80000000000018,148.09999999999945,-37.90000000000032
Portugal,2020,-49806.73700000008,6.600000000000001,-0.08840000000000003,44173.0,0.7000000000000028,-5161.9,-61.30000000000018,-83.7999999999995
Portugal,2021,22906.668000000063,-1.8000000000000043,-0.18489999999999995,-22997.0,-0.10000000000000142,-1997.5999999999995,194.0000000000009,125.49999999999955
Portugal,2022,9401.423999999999,-3.3999999999999986,1.5902999999999998,7918.0,0.5,154.5,-430.90000000000055,-128.79999999999973
Portugal,2023,-7399.853000000003,-1.5,2.765,68684.0,-0.29999999999999716,8935.599999999999,100.9015885881272,76.90948683069428
Slovakia,1994,463827.988,,,,38.86469869838917,-1099.8507018862117,,
Slovakia,1995,467604.138,-1.9536904804914457,0.29000000000000004,19752.0,39.2,-92.8,72.92873292543015,-65.64265584365353
Slovakia,1996,493640.852,5.100000000000001,-2.0,11583.0,38.4,-2242.6,-0.5,137.10000000000002
Slovakia,1997,499944.79,-4.299999999999997,-0.6875,11142.0,36.6,-1990.7,32.39999999999998,74.29999999999995
Slovakia,1998,497404.966,-2.3999999999999986,-0.5133999999999999,8718.0,36.3,-2231.1,-14.199999999999932,147.60000000000002
Slovakia,1999,484002.348,2.1999999999999957,-0.7225000000000001,5732.0,35.1,-923.2,-113.0,-118.20000000000005
Slovakia,2000,489043.453,4.800000000000004,1.6056999999999997,5275.0,34.0,-520.9,-40.799999999999955,-220.89999999999998
Slovakia,2001,487457.345,-7.0,-0.7027999999999999,-19874.0,33.0,-1768.7,123.29999999999995,-47.39999999999998
Slovakia,2002,488649.846,-0.20000000000000284,-0.5935999999999999,168.0,33.1,-1683.8,-13.300000000000068,43.19999999999999
Slovakia,2003,463996.604,-6.0,-1.1587,-4078.0,33.1,-133.7,43.0,-36.30000000000001
Slovakia,2004,463840.542,-1.6000000000000014,-0.05929999999999991,-2998.0,32.0,-530.9,-36.89999999999998,42.30000000000001
Slovakia,2005,489287.623,0.7000000000000028,0.05820000000000025,810.0,31.7,-1351.9,70.89999999999998,459.09999999999997
Slovakia,2006,477662.848,-0.8999999999999986,1.1031999999999997,243.0,29.5,-1108.6,24.500000000000114,-389.6
Slovakia,2007,482950.009,-2.3000000000000043,1.0140000000000002,252.0,29.4,98.3,291.6999999999998,44.30000000000007
Slovakia,2008,495805.713,0.6000000000000014,0.37599999999999945,2884.0,29.2,-1358.0,227.80000000000018,288.5
Slovakia,2009,454989.717,6.700000000000003,-3.2156999999999996,6337.0,29.1,-334.5,-37.90000000000009,-317.5
Slovakia,2010,510247.65,-2.200000000000003,-0.2570000000000001,8009.0,28.1,-650.4,-312.20000000000005,-28.899999999999977
Slovakia,2011,489035.43,-0.20000000000000284,0.6545000000000001,2036.0,29.2,63.1,186.79999999999995,119.09999999999991
Slovakia,2012,458376.165,-0.7999999999999972,-0.8936,11876.0,28.9,3574.9,-20.399999999999864,-108.29999999999995
Slovakia,2013,469080.703,1.1000000000000014,-0.5782,6514.0,31.1,3623.8,246.39999999999986,2.3999999999999773
Slovakia,2014,423087.161,0.8999999999999986,-0.06090000000000001,5113.0,32.0,3157.2,453.5999999999999,-2.599999999999909
Slovakia,2015,444242.065,2.1000000000000014,-0.3074,5400.0,32.6,1576.7,-303.5999999999999,98.49999999999989
Slovakia,2016,455765.934,-3.200000000000003,-0.2026,4903.0,33.1,1523.1,126.20000000000005,34.0
Slovakia,2017,488701.312,-1.1000000000000014,-0.1103,9091.0,34.0,1070.6,-172.29999999999995,63.90000000000009
Slovakia,2018,488909.791,-0.09999999999999432,-0.02779999999999999,7777.0,34.0,1011.7,286.5,-74.80000000000007
Slovakia,2019,471885.425,0.8999999999999986,-0.044300000000000006,7301.0,34.6,-32.6,-331.79999999999995,130.9000000000001
Slovakia,2020,452914.592,3.8999999999999986,-0.08840000000000003,7452.0,34.6,1002.2,127.09999999999991,-149.60000000000014
Slovakia,2021,494354.297,0.3999999999999986,-0.18489999999999995,1908.0,35.0,-464.5,33.600000000000136,120.70000000000016
Slovakia,2022,463183.111,-1.8999999999999986,1.5902999999999998,-25069.0,35.3,-6546.4,-241.10000000000014,139.0999999999999
Slovakia,2023,432558.307,5.5,2.765,-5920.0,35.5,1945.2,314.60000000000014,54.299999999999955
Slovenia,1994,162513.278,49.85552845805773,,,38.78976734576975,,,
Slovenia,1995,176076.8,53.0,0.29000000000000004,69.0,39.3,225.89168278220944,-21.113753338276524,0.728537023194292
Slovenia,1996,190208.631,45.1,-2.0,789.0,38.4,154.9,37.299999999999955,4.800000000000011
Slovenia,1997,195485.998,45.4,-0.6875,-3277.0,37.3,3.0,59.89999999999998,20.299999999999955
Slovenia,1998,189633.227,46.4,-0.5133999999999999,-2066.0,38.1,-126.29999999999998,-18.0,-18.69999999999999
Slovenia,1999,197918.945,47.2,-0.7225000000000001,-6589.0,38.5,-584.4000000000001,-39.10000000000002,44.30000000000001
Slovenia,2000,200537.787,47.8,1.6056999999999997,9421.0,38.1,115.0,-5.099999999999909,-64.60000000000002
Slovenia,2001,211743.659,49.2,-0.7027999999999999,2339.0,38.3,562.1,3.8999999999999773,27.400000000000034
Slovenia,2002,204740.501,47.8,-0.5935999999999999,3932.0,38.9,489.5,102.09999999999991,29.399999999999977
Slovenia,2003,213945.759,47.6,-1.1587,1007.0,39.0,-330.8,-208.19999999999993,2.900000000000034
Slovenia,2004,220497.848,46.9,-0.05929999999999991,1400.0,39.0,-317.4,190.10000000000002,-27.30000000000001
Slovenia,2005,227883.969,46.7,0.05820000000000025,1157.0,39.7,214.29999999999998,-32.30000000000007,33.900000000000034
Slovenia,2006,227673.309,45.7,1.1031999999999997,5768.0,39.1,171.3,-5.5,-19.000000000000057
Slovenia,2007,228473.341,43.5,1.0140000000000002,7019.0,38.4,-451.0,46.60000000000002,20.100000000000023
Slovenia,2008,241969.4,45.2,0.37599999999999945,-108.0,37.9,-332.19999999999993,-27.100000000000023,51.5
Slovenia,2009,213336.871,50.0,-3.2156999999999996,22093.0,38.2,1315.5,-75.60000000000002,-47.0
Slovenia,2010,220881.308,50.7,-0.2570000000000001,14614.0,38.9,-129.60000000000002,17.200000000000045,-49.19999999999999
Slovenia,2011,216438.175,51.4,0.6545000000000001,3213.0,38.4,66.09999999999997,35.60000000000002,5.5
Slovenia,2012,210972.068,50.0,-0.8936,5307.0,38.7,780.3,-73.00000000000011,-7.300000000000011
Slovenia,2013,206432.369,57.7,-0.5782,3325.0,38.6,477.5999999999999,-18.199999999999932,15.5
Slovenia,2014,198646.309,50.6,-0.06090000000000001,2264.0,38.5,835.2000000000003,-5.600000000000023,-19.0
Slovenia,2015,203124.654,49.5,-0.3074,1789.0,38.7,575.0,114.20000000000005,65.0
Slovenia,2016,211071.096,46.9,-0.2026,1314.0,38.7,333.1999999999998,-15.299999999999955,-18.69999999999999
Slovenia,2017,214254.322,44.6,-0.1103,1707.0,38.4,407.5999999999999,-35.5,44.89999999999998
Slovenia,2018,215374.388,44.1,-0.02779999999999999,985.0,38.6,12.5,130.89999999999998,58.89999999999998
Slovenia,2019,211849.773,43.8,-0.044300000000000006,14028.0,38.4,300.00000000000045,-42.80000000000007,-5.599999999999966
Slovenia,2020,192729.874,51.8,-0.08840000000000003,14953.0,38.4,28.899999999999636,50.0,-70.5
Slovenia,2021,206496.613,49.9,-0.18489999999999995,13116.0,39.1,-1149.3000000000002,-135.5999999999999,50.19999999999999
Slovenia,2022,203966.333,47.7,1.5902999999999998,-1797.0,38.1,-2061.2,36.5,-4.199999999999989
Slovenia,2023,193281.878,46.5,2.765,9792.0,36.9,3101.7,-77.39999999999998,-11.300000000000011
Spain,1994,,,,,,,,
Spain,1995,113319.95099999988,1.2220495764084092,0.29000000000000004,,0.033380999751102536,750.8132797955586,-1427.8878891003405,
Spain,1996,-33724.98699999973,-1.2000000000000028,-2.0,-12589.0,-0.29999999999999716,4393.0,3835.0,
Spain,1997,216784.1540000001,-1.3999999999999986,-0.6875,-5693.0,0.8999999999999986,1834.2,1473.0,
Spain,1998,194625.7089999998,-0.5,-0.5133999999999999,9165.0,0.8000000000000043,-3447.8,399.0,
Spain,1999,83020.27600000007,-1.1000000000000014,-0.7225000000000001,-12001.0,0.3999999999999986,-9032.4,-145.0,-3812.352290382871
Spain,2000,192506.86199999973,-0.7999999999999972,1.6056999999999997,6495.0,-0.10000000000000142,-7650.0,1743.0,535.0
Spain,2001,184572.6170000001,-0.7000000000000028,-0.7027999999999999,28749.0,-0.29999999999999716,3220.0,4.0,3998.0
Spain,2002,32428.006000000052,0.20000000000000284,-0.5935999999999999,174370.0,0.3999999999999986,1046.0,432.0,-5224.0
Spain,2003,199704.73400000017,-0.30000000000000426,-1.1587,422827.0,-0.20000000000000284,-2899.0,129.0,1515.0
Spain,2004,174213.4839999997,0.5,-0.05929999999999991,-72947.0,1.0,-14152.0,-490.0,830.0
Spain,2005,95879.42400000012,-0.3999999999999986,0.05820000000000025,29274.0,1.2000000000000028,-12869.0,-2193.0,234.0
Spain,2006,-103193.17799999984,0.0,1.1031999999999997,-35254.0,0.6999999999999957,-12737.0,1622.0,-1736.0
Spain,2007,105342.91400000034,0.8000000000000043,1.0140000000000002,61062.0,0.4000000000000057,-4836.0,2068.0,2961.0
Spain,2008,-146790.65600000042,2.0999999999999943,0.37599999999999945,109578.0,-4.300000000000004,9644.0,-646.0,-2510.0
Spain,2009,-295553.6170000001,4.800000000000004,-3.2156999999999996,-313939.0,-2.3999999999999986,43355.0,-1524.0,-432.0
Spain,2010,6674.74300000025,-0.30000000000000426,-0.2570000000000001,-322988.0,1.6000000000000014,-1887.0,848.0,1093.0
Spain,2011,-99200.23600000003,0.10000000000000142,0.6545000000000001,-66791.0,-0.10000000000000142,14010.0,1471.0,1564.0
Spain,2012,-169127.49300000025,3.3000000000000043,-0.8936,-29510.0,1.2000000000000028,18358.0,-2940.0,-848.0
Spain,2013,-184354.5009999997,-3.0,-0.5782,-256614.0,0.7999999999999972,18217.0,3226.0,-2923.0
Spain,2014,-135185.08900000015,-1.2000000000000028,-0.06090000000000001,-111337.0,0.5,-7829.0,-540.0,4361.0
Spain,2015,96515.75999999978,-1.2999999999999972,-0.3074,146884.0,-0.10000000000000142,1202.0,1311.0,-4313.0
Spain,2016,102074.44200000027,-1.6000000000000014,-0.2026,63184.0,-0.29999999999999716,11750.0,1407.0,4193.0
Spain,2017,166890.2549999999,-1.1000000000000014,-0.1103,85347.0,0.29999999999999716,-2019.0,-527.0,-4270.0
Spain,2018,76634.66000000015,0.5,-0.02779999999999999,69168.0,0.8000000000000043,-9292.0,1618.0,4467.0
Spain,2019,-41346.93600000022,0.5,-0.044300000000000006,126204.0,0.0,4203.0,-660.0,-3023.0
Spain,2020,-353165.2719999999,9.399999999999999,-0.08840000000000003,125218.0,2.0999999999999943,-20304.0,-691.0,484.0
Spain,2021,254104.31000000006,-1.8999999999999986,-0.18489999999999995,-316351.0,0.8000000000000043,-4892.0,3005.0,2501.0
Spain,2022,-69692.92400000012,-3.1000000000000014,1.5902999999999998,3297.0,-0.6000000000000014,-101.0,-5607.0,-5817.0
Spain,2023,-29150.23499999987,-1.0,2.765,512473.0,-0.5,46711.0,376.0,7319.524463481735
