Country,Year,ED,Expenditure,Irate,Population,Tax,Trade,total_GDP,First_sector_GDP,Second_sector_GDP,Third_sector_GDP,total_Investment,First_sector_Inv,Second_sector_Inv,Third_sector_Inv
Austria,1994,849432.583,,6.8167,7928746.0,,,,,,,,,,
Austria,1995,882550.058,56.0,7.1067,7943489.0,43.1,-2194.4,231756.6,3953.6,72896.2,154906.8,67618.7,2359.8,14795.0,50463.9
Austria,1996,961798.352,56.0,5.1067,7953067.0,44.6,-2963.7,235826.5,3979.3,73911.9,157935.30000000002,69879.6,2571.1,15755.7,51552.8
Austria,1997,950097.615,52.7,4.4192,7964966.0,45.3,-1524.5,240967.9,4124.6,74842.4,162000.9,70218.7,2852.5,16539.6,50826.6
Austria,1998,971582.69,52.6,3.9058,7971116.0,45.3,-439.0,250077.0,4287.4,77009.9,168779.7,72571.0,2600.7000000000003,16308.9,53661.4
Austria,1999,980833.824,52.4,3.1833,7982461.0,44.9,925.4,258770.3,4537.4,79377.6,174855.3,73594.6,2659.9,15944.8,54989.90000000001
Austria,2000,987164.955,51.4,4.789,8002186.0,44.1,2845.3,268143.7,4288.8,82179.7,181675.2,77639.8,2489.2,17133.8,58016.8
Austria,2001,1045151.63,51.8,4.0862,8020946.0,45.6,3745.5,272130.2,4360.1,83254.5,184515.60000000003,76857.9,2555.2,17647.9,56654.8
Austria,2002,1052795.994,51.6,3.4926,8063640.0,44.5,8367.9,275896.4,4328.3,82526.7,189041.4,74417.5,2402.5,16343.999999999998,55671.0
Austria,2003,1112017.485,51.8,2.3339,8100273.0,44.1,6384.2,279512.6,4174.8,84654.7,190683.1,77338.7,2348.0,16962.0,58028.7
Austria,2004,1122335.017,54.3,2.2746,8142573.0,43.6,7130.1,287158.8,4794.1,87255.40000000001,195109.3,78226.6,2382.4,16461.600000000002,59382.600000000006
Austria,2005,1144773.822,51.7,2.3328,8201359.0,42.4,8144.9,294226.0,4783.7,89228.4,200213.9,78531.7,2517.0,17136.3,58878.4
Austria,2006,1162648.966,50.9,3.436,8254298.0,41.8,9628.4,304670.0,4705.5,91911.0,208053.5,79579.0,2402.6,18571.6,58604.79999999999
Austria,2007,1136167.104,49.7,4.45,8282984.0,41.9,12462.3,316468.9,5124.6,96031.5,215312.80000000005,83163.1,2717.7,18604.0,61841.40000000001
Austria,2008,1137348.097,50.4,4.826,8307989.0,42.6,12996.1,321824.3,5616.5,96307.9,219899.9,84635.5,2962.8,17910.9,63761.8
Austria,2009,1110439.188,54.6,1.6103,8335003.0,42.3,9657.0,308937.2,5136.7,86146.7,217653.8,78665.9,2857.0,16425.800000000003,59383.09999999999
Austria,2010,1162629.541,53.4,1.3533,8351643.0,42.2,10359.6,314719.0,4893.299999999999,88347.3,221478.4,76720.8,2828.2,16199.0,57693.600000000006
Austria,2011,1120464.134,51.3,2.0078,8375164.0,42.3,8656.6,324965.9,5671.4,90851.5,228443.0,81666.5,2907.3,17878.0,60881.2
Austria,2012,1132741.583,51.8,1.1142,8408121.0,43.0,8896.8,326435.9,5330.6,92119.7,228985.60000000003,82708.1,2877.3,19946.2,59884.600000000006
Austria,2013,1156661.738,52.4,0.536,8451860.0,44.0,8975.0,326010.5,5038.1,92614.5,228357.9,83733.9,2909.5,20494.4,60329.99999999999
Austria,2014,1115472.117,52.4,0.4751,8507786.0,44.1,10615.0,328437.4,5305.2,92702.1,230430.1,83462.1,2566.7,19554.2,61341.20000000001
Austria,2015,1142111.956,51.2,0.1677,8584926.0,44.4,12569.7,331973.5,5091.8,92589.4,234292.3,85175.3,2441.2,19725.5,63008.600000000006
Austria,2016,1170832.574,50.6,-0.0349,8700471.0,42.9,13349.2,338881.4,5283.5,95733.9,237864.0,89037.6,2283.3,20901.0,65853.3
Austria,2017,1180130.579,49.8,-0.1452,8772865.0,42.9,11371.4,347006.6,5335.8,98704.6,242966.2,92750.6,2481.4,22612.6,67656.6
Austria,2018,1167794.406,49.2,-0.173,8822267.0,43.3,11598.6,356475.4,5360.2,101864.5,249250.7,96844.4,2675.5,23610.1,70558.79999999999
Austria,2019,1186521.832,49.1,-0.2173,8858775.0,43.5,14183.4,362847.3,5204.9,102468.5,255173.9,100966.8,2659.6,24593.6,73713.59999999999
Austria,2020,1128482.74,57.3,-0.3057,8901064.0,42.9,12847.0,340529.9,4833.4,96809.8,238886.7,95590.1,2680.1,21867.3,71042.7
Austria,2021,1195922.712,56.0,-0.4906,8932664.0,44.0,3552.3,355359.8,5231.700000000001,102696.9,247431.2,101311.0,3629.3,25160.9,72520.8
Austria,2022,1120880.35,53.0,1.0997,8978929.0,43.5,-2052.3,376931.2,5403.6,106881.0,264646.60000000003,101687.3,2984.7,24742.9,73959.70000000001
Austria,2023,1071033.951,52.7,3.8647,9104772.0,43.5,10009.8,372479.6,5044.5,104711.5,262723.6,98421.8,2933.7,23790.1,71698.0
Belgium,1994,1496385.664,,6.8167,10100631.0,,,,,,,,,,
Belgium,1995,1543084.656,52.6,7.1067,10130574.0,45.3,8480.1,282577.6,2528.6,66705.5,213343.5,65649.3,648.8000000000001,16725.5,48275.0
Belgium,1996,1635820.612,53.1,5.1067,10143047.0,46.0,6977.3,285166.9,2507.8,68298.1,214361.00000000003,66012.5,949.8,17780.8,47281.9
Belgium,1997,1624995.739,51.6,4.4192,10170226.0,46.4,8663.1,295566.8,2603.6000000000004,72358.6,220604.6,70434.9,684.9,18931.2,50818.8
Belgium,1998,1664443.789,51.0,3.9058,10192264.0,47.0,8408.0,301086.4,2643.1,73456.7,224986.60000000003,72021.0,632.8,19326.5,52061.7
Belgium,1999,1664652.519,50.5,3.1833,10213752.0,46.8,9586.0,311102.2,2661.1,74750.1,233691.00000000003,74970.4,650.8000000000001,18771.4,55548.2
Belgium,2000,1709083.236,49.4,4.789,10239085.0,46.4,7344.3,322258.8,2820.4,79358.1,240080.3,78695.8,629.4000000000001,19757.4,58309.00000000001
Belgium,2001,1745061.377,49.4,4.0862,10263414.0,46.3,9640.5,327157.9,2604.1,79725.2,244828.60000000003,79975.5,621.5,18995.8,60358.2
Belgium,2002,1671558.6,49.9,3.4926,10309725.0,46.6,15240.7,332500.3,2830.5,79737.5,249932.3,76672.2,712.3,18279.9,57680.0
Belgium,2003,1744525.835,51.0,2.3339,10355844.0,46.0,15065.2,336204.6,2751.1,80147.7,253305.8,76571.1,576.0,18679.6,57315.50000000001
Belgium,2004,1763509.577,49.3,2.2746,10396421.0,46.1,14526.8,346868.5,2941.6,84022.1,259904.8,83485.3,633.9000000000001,18364.1,64487.3
Belgium,2005,1742655.551,51.9,2.3328,10445852.0,45.9,12515.0,355352.9,2892.9,85811.70000000001,266648.3,88275.5,705.5,18840.4,68729.6
Belgium,2006,1686734.906,48.8,3.436,10511382.0,45.8,13144.2,364059.8,3149.3,86556.6,274353.9,89957.6,882.7,20061.4,69013.5
Belgium,2007,1624668.923,48.6,4.45,10584534.0,45.5,14209.2,377636.4,3157.7000000000003,90618.5,283860.2,96508.2,1043.5,22538.300000000003,72926.4
Belgium,2008,1745739.059,50.8,4.826,10666866.0,46.3,2366.5,380612.1,3253.2,88760.0,288598.9,98348.5,1168.7,22341.1,74838.70000000001
Belgium,2009,1665818.182,54.5,1.6103,10753080.0,45.5,7141.6,373587.4,3339.1000000000004,85133.1,285115.20000000007,91386.3,1241.8000000000002,20861.800000000003,69282.7
Belgium,2010,1799629.64,53.9,1.3533,10839905.0,46.0,5426.9,383792.2,3591.1,87761.0,292440.10000000003,91289.2,1165.7,19835.9,70287.6
Belgium,2011,1658708.863,55.0,2.0078,11000638.0,46.5,-843.8,392443.0,3617.2,89417.0,299408.8,96255.5,1326.8000000000002,21691.1,73237.6
Belgium,2012,1640184.535,56.2,1.1142,11075889.0,47.6,-1107.0,393240.1,3640.7,87447.0,302152.4,96959.2,1312.6,21402.3,74244.29999999999
Belgium,2013,1731727.22,55.9,0.536,11137974.0,48.4,983.4,394151.9,3329.5,88073.5,302748.9,94835.8,1265.8,20882.7,72687.3
Belgium,2014,1663322.102,55.4,0.4751,11180840.0,48.0,896.7,401593.7,3547.9,89257.40000000001,308788.4,100282.3,1271.8,20465.9,78544.6
Belgium,2015,1715533.091,53.9,0.1677,11237274.0,47.5,2853.9,407800.3,3958.1,89996.9,313845.30000000005,103413.6,1300.1,23767.9,78345.6
Belgium,2016,1713328.045,53.4,-0.0349,11311117.0,46.7,765.1,411344.3,3704.1,88922.1,318718.1,107851.3,1296.6,21703.5,84851.2
Belgium,2017,1702959.785,52.3,-0.1452,11351727.0,47.3,-67.7,417213.2,3883.1,89731.0,323599.10000000003,109180.4,1383.6999999999998,23161.7,84635.0
Belgium,2018,1721721.123,52.5,-0.173,11398589.0,47.2,-6026.6,425231.8,3546.5,90091.6,331593.7,112461.4,1487.7,24233.6,86740.1
Belgium,2019,1679663.128,51.8,-0.2173,11455519.0,45.6,2250.4,436337.0,3728.5,93214.4,339394.1,117443.4,1730.4,25195.4,90517.6
Belgium,2020,1601042.723,58.5,-0.3057,11522440.0,45.5,6694.8,417994.9,3570.8,88224.0,326200.10000000003,111457.3,1709.1,24426.2,85322.0
Belgium,2021,1715375.374,54.9,-0.4906,11554767.0,45.5,9457.1,441770.6,3568.5,86872.9,351329.19999999995,116272.4,1759.2,24379.6,90133.6
Belgium,2022,1553137.949,52.2,1.0997,11617623.0,44.7,-8231.6,461718.5,3555.0,91486.1,366677.4,118270.0,1735.4,25253.2,91281.4
Belgium,2023,1530648.748,53.3,3.8647,11742796.0,44.8,-3575.7,466926.3,3596.9,91101.6,372227.79999999993,122456.7,1494.4,26300.5,94661.8
Croatia,1994,236372.081,,6.8167,4645155.0,,,,,,,,,,
Croatia,1995,244498.002,57.9,7.1067,4658893.0,41.9,-1435.0,26631.8,1847.4,7012.7,17771.699999999997,3834.4,36.0,1257.0,2541.4
Croatia,1996,266758.635,57.1,5.1067,4581167.0,42.4,-1234.9,28256.8,1840.3,7403.5,19013.0,5203.5,53.8,1945.6,3204.1
Croatia,1997,274796.408,53.8,4.4192,4533028.0,41.0,-2722.9,30229.6,1998.3,8084.4,20146.9,6756.8,123.7,2479.0,4154.1
Croatia,1998,273720.407,54.5,3.9058,4536812.0,42.0,-1539.3,30912.6,2052.6,8245.4,20614.6,7013.7,195.0,2618.3,4200.4
Croatia,1999,283200.063,56.5,3.1833,4527460.0,40.8,-1329.0,30821.4,2024.2,8318.9,20478.300000000003,7097.0,123.0,2456.0,4518.0
Croatia,2000,275476.504,54.6,4.789,4497735.0,39.6,-1045.1,31515.8,2057.3,8688.5,20770.0,7081.2,163.0,2157.8,4760.4
Croatia,2001,284422.886,50.6,4.0862,4295406.0,38.3,-1341.6,32642.7,2036.6,8854.300000000001,21751.800000000003,7421.4,167.4,2217.6,5036.4
Croatia,2002,287523.262,49.2,3.4926,4305494.0,38.0,-2697.2,34374.7,2286.6,9008.3,23079.8,8198.0,203.3,2426.1,5568.6
Croatia,2003,310738.446,49.6,2.3339,4305384.0,37.4,-3210.4,36408.0,2066.5,9776.3,24565.2,10046.7,298.2,2845.1,6903.4
Croatia,2004,319753.949,49.0,2.2746,4305725.0,36.6,-2880.3,37949.6,2378.0,10230.0,25341.6,10481.3,309.9,2724.5,7446.9
Croatia,2005,328325.915,46.5,2.3328,4310861.0,36.5,-3199.9,39553.7,2319.4,10759.5,26474.8,10995.0,322.5,3161.2000000000003,7511.299999999999
Croatia,2006,327999.422,44.6,3.436,4312487.0,37.3,-3422.8,41418.2,2638.9,11170.6,27608.7,12000.7,382.0,3614.0,8004.700000000001
Croatia,2007,331533.45,46.3,4.45,4313530.0,37.8,-3700.7,43458.8,2490.4,11671.6,29296.800000000003,12625.6,335.3,3717.2,8573.100000000002
Croatia,2008,335902.998,46.3,4.826,4311967.0,37.6,-4918.3,44322.6,2656.8,11868.0,29797.8,13804.7,541.3,4198.6,9064.8
Croatia,2009,322529.469,49.2,1.6103,4309796.0,36.9,-2522.2,41811.4,2611.2000000000003,10638.9,28561.300000000003,11675.5,397.3,3559.8,7718.400000000001
Croatia,2010,323537.857,48.1,1.3533,4302847.0,36.3,-754.1,41045.9,2378.9,9706.0,28961.0,10005.7,408.0,2975.5,6622.200000000001
Croatia,2011,312901.33,48.6,2.0078,4289857.0,35.8,-768.9,41145.4,2235.3,9537.7,29372.4,9615.5,434.0,2913.5999999999995,6267.900000000001
Croatia,2012,296963.191,47.3,1.1142,4275984.0,36.3,-717.9,39775.6,1848.8,8813.2,29113.599999999995,9134.4,277.6,2997.8,5858.999999999999
Croatia,2013,293388.9,47.9,0.536,4247803.0,36.9,-887.1,39586.7,1945.5,8704.4,28936.8,9134.1,352.4,3022.1000000000004,5759.6
Croatia,2014,279341.922,48.7,0.4751,4217632.0,37.2,-169.3,39330.6,1656.1,8860.9,28813.6,8854.3,283.20000000000005,2840.9,5730.199999999999
Croatia,2015,293769.882,47.5,0.1677,4180915.0,37.8,95.6,40219.3,1598.6,9142.9,29477.800000000003,9667.4,326.7,3367.7000000000003,5972.999999999998
Croatia,2016,295149.344,45.9,-0.0349,4131115.0,38.2,524.4,41627.1,1648.6,9674.4,30304.1,10125.2,359.1,3811.6,5954.500000000001
Croatia,2017,306827.854,44.3,-0.1452,4078769.0,38.0,303.9,42792.6,1620.9,9819.1,31352.6,10263.1,426.6,3580.9,6255.6
Croatia,2018,300160.28,45.1,-0.173,4014341.0,38.5,-450.5,43856.6,1703.4,9949.7,32203.5,10719.1,431.3,3487.7,6800.100000000001
Croatia,2019,305208.817,46.3,-0.2173,3968676.0,38.6,-225.1,45273.1,1721.3000000000002,10547.0,33004.8,12095.8,476.5,3798.9,7820.4
Croatia,2020,291589.593,53.7,-0.3057,3933511.0,37.8,-3540.0,41979.5,1680.9,10098.4,30200.2,11337.4,470.7,3722.7,7143.999999999998
Croatia,2021,305677.576,48.1,-0.4906,3893026.0,36.9,-1605.3,46888.7,1826.9,11305.7,33756.1,11886.3,506.9,3833.8,7545.599999999999
Croatia,2022,289396.609,44.9,1.0997,3862305.0,37.4,-4205.4,50814.5,1842.3,11993.2,36979.0,13118.9,554.8,3730.0,8834.1
Croatia,2023,302351.923,46.6,3.8647,3850894.0,37.3,-1430.3,52584.1,1874.4,12079.9,38629.8,14449.6,556.9,3726.6,10166.1
Cyprus,1994,58189.719,,6.8167,632944.0,,,,,,,,,,
Cyprus,1995,50414.48,32.5,7.1067,645399.0,26.7,-65.6,10314.4,620.0,2184.3,7510.1,2979.9,97.7,286.3,2595.9
Cyprus,1996,57286.683,34.4,5.1067,656333.0,26.3,-34.2,10443.2,642.3,2146.7,7654.200000000002,2855.2,91.0,323.4,2440.8
Cyprus,1997,53953.848,35.9,4.4192,666313.0,25.8,-117.1,10719.0,545.2,2150.6,8023.199999999999,2975.2,97.8,335.40000000000003,2541.9999999999995
Cyprus,1998,57173.156,35.9,3.9058,675215.0,27.2,227.5,11374.0,622.5,2193.7000000000003,8557.8,2524.3,107.2,426.2000000000001,1990.9000000000003
Cyprus,1999,55759.626,35.9,3.1833,682862.0,27.4,260.1,11942.4,657.1,2241.7,9043.6,2899.6,114.4,392.0,2393.2
Cyprus,2000,61342.606,36.4,4.789,690497.0,29.4,262.6,12654.9,649.0,2231.0,9774.9,2869.2,120.5,326.6,2422.1
Cyprus,2001,62103.661,37.1,4.0862,697549.0,29.9,530.1,13155.0,685.6,2364.5,10104.9,2869.6,129.8,345.8,2393.9999999999995
Cyprus,2002,62440.959,38.9,3.4926,705539.0,30.0,141.3,13644.8,717.8,2520.4,10406.6,3196.9,108.6,341.3,2747.0
Cyprus,2003,64754.094,42.9,2.3339,713720.0,31.1,195.6,14002.7,663.6,2735.0,10604.1,3258.3,101.8,412.5,2744.0
Cyprus,2004,62358.598,40.9,2.2746,722893.0,31.7,-17.3,14706.6,685.5,2903.0,11118.1,3446.9,89.39999999999999,463.4,2894.1
Cyprus,2005,62472.801,41.5,2.3328,733067.0,33.5,-80.1,15420.3,645.1,2999.8,11775.399999999998,3670.1,80.7,448.8,3140.6
Cyprus,2006,66035.211,41.0,3.436,744013.0,34.2,-477.3,16147.1,573.5,3118.3,12455.3,4436.0,69.9,516.9000000000001,3849.2
Cyprus,2007,69827.045,40.1,4.45,757916.0,38.3,-836.8,16970.3,543.0,3308.6000000000004,13118.7,4769.9,59.1,667.6999999999999,4043.1
Cyprus,2008,75075.635,40.8,4.826,776333.0,36.7,-2426.1,17589.2,506.6,3273.3,13809.300000000005,5171.7,56.7,778.0,4337.0
Cyprus,2009,72527.284,44.9,1.6103,796930.0,34.1,-998.5,17234.7,454.8,2941.3,13838.600000000002,4466.6,47.0,800.3000000000001,3619.3
Cyprus,2010,70924.23,44.5,1.3533,819140.0,33.8,-1602.2,17634.5,490.2,2801.5,14342.8,4401.5,44.3,921.0,3436.2
Cyprus,2011,68096.101,44.9,2.0078,839751.0,34.0,-736.5,17708.0,502.7,2542.0,14663.3,3885.6,107.5,787.7,2990.4
Cyprus,2012,63629.575,54.6,1.1142,862011.0,34.4,-348.5,17097.6,465.5,2266.8,14365.3,3127.5,65.0,554.3,2508.2
Cyprus,2013,58030.365,46.3,0.536,865878.0,34.9,300.7,15971.3,445.1,1927.8,13598.4,2634.9,178.4,352.1,2104.4
Cyprus,2014,59052.391,52.1,0.4751,858000.0,36.3,185.2,15687.6,381.5,1818.9,13487.2,2440.5,200.4,317.5,1922.6
Cyprus,2015,60198.509,43.1,0.1677,847008.0,35.7,494.9,16199.0,396.9,1872.5,13929.6,2397.6,236.3,312.5,1848.8
Cyprus,2016,63353.928,39.6,-0.0349,848319.0,34.5,370.0,17264.0,451.5,2163.6000000000004,14648.9,3583.6,52.6,330.8,3200.2
Cyprus,2017,66579.944,38.5,-0.1452,854802.0,35.0,-69.1,18260.0,421.2,2362.0,15476.8,4343.5,185.5,408.4,3749.6
Cyprus,2018,68424.286,44.3,-0.173,864236.0,34.9,305.0,19425.8,417.4,2668.1,16340.299999999996,4113.3,181.2,392.1,3540.0000000000005
Cyprus,2019,69631.937,40.3,-0.2173,875899.0,35.8,236.7,20605.2,444.5,2949.7000000000003,17211.0,4396.2,147.0,538.8,3710.4
Cyprus,2020,65663.761,45.9,-0.3057,888005.0,35.5,-307.5,19958.6,433.8,2843.8,16681.0,4657.8,85.5,484.0,4088.3
Cyprus,2021,67939.456,42.6,-0.4906,896007.0,35.6,1203.9,22231.5,418.3,2838.1,18975.1,4745.7,94.5,517.1,4134.099999999999
Cyprus,2022,69900.193,37.9,1.0997,904705.0,35.9,947.0,23869.0,359.3,2574.8,20934.9,5171.2,399.7000000000001,604.3,4167.2
Cyprus,2023,70455.689,41.9,3.8647,949084.0,38.8,392.0,24492.4,365.8,2649.6000000000004,21477.0,5745.9,91.7,658.4,4995.8
Denmark,1994,597102.238,,,5196642.0,,7799.6,185469.7,6395.1,44352.2,134722.40000000002,33628.3,2090.6,9128.8,22408.900000000005
Denmark,1995,606415.992,58.7,5.4261,5215718.0,48.3,6660.9,191281.3,6753.799999999999,46780.7,137746.8,37142.9,2416.8,9672.9,25053.2
Denmark,1996,631391.29,58.2,4.2472,5251027.0,48.5,8373.1,196105.2,7431.6,46682.3,141991.3,39117.7,2505.9,10377.6,26234.2
Denmark,1997,619363.543,56.2,4.0677,5275121.0,48.4,6673.2,202226.0,7995.9,48487.7,145742.40000000002,43064.9,2620.3,11203.3,29241.3
Denmark,1998,626798.381,55.6,4.3632,5294860.0,49.0,4861.4,206203.0,7746.5,49802.4,148654.1,45953.7,2574.1,11426.999999999998,31952.6
Denmark,1999,608797.079,54.7,3.7024,5313577.0,49.6,10017.8,213052.5,8555.7,50882.3,153614.5,45844.6,2475.0,10886.2,32483.4
Denmark,2000,599659.833,52.9,5.4642,5330020.0,48.5,11946.0,222912.0,9861.4,52201.0,160849.6,49525.2,2603.5,11262.7,35659.0
Denmark,2001,616809.181,53.0,4.5698,5349212.0,47.6,13141.6,225111.8,9589.8,51848.0,163674.0,49366.8,3087.3,11259.2,35020.3
Denmark,2002,605229.307,53.1,3.7728,5368354.0,47.1,13004.7,225804.2,9597.5,50670.5,165536.2,48183.4,2879.3,11256.4,34047.7
Denmark,2003,614589.726,53.5,2.452,5383507.0,47.3,13138.6,226820.1,9492.5,50263.0,167064.6,49100.2,3041.4,11394.500000000002,34664.3
Denmark,2004,622263.326,52.8,2.3821,5397640.0,47.8,11435.0,231555.9,10377.2,51007.8,170170.89999999997,50857.2,2670.1,11395.1,36792.0
Denmark,2005,614387.831,51.1,2.3821,5411405.0,49.3,11419.0,235378.6,10135.9,50235.2,175007.5,53956.3,2610.0,11078.1,40268.2
Denmark,2006,626843.137,49.7,3.5649,5427459.0,47.8,8899.1,244194.3,9864.8,53086.5,181243.0,61280.6,3132.6,12334.1,45813.9
Denmark,2007,630274.65,49.5,4.6194,5447084.0,47.8,6427.6,245671.3,9616.2,52636.3,183418.8,61707.7,3751.8,12276.0,45679.9
Denmark,2008,611227.717,50.3,5.4036,5475791.0,46.0,8426.1,246110.2,7946.5,53347.100000000006,184816.6,60236.4,3590.2,13245.3,43400.9
Denmark,2009,590212.126,56.3,2.6669,5511451.0,46.0,10691.3,234903.5,7223.799999999999,47543.2,180136.5,52242.4,2735.9,12574.7,36931.8
Denmark,2010,626830.481,56.5,1.779,5534738.0,46.3,16538.2,238463.3,7963.200000000001,47248.6,183251.5,48934.4,1965.2,11197.7,35771.50000000001
Denmark,2011,598898.482,56.3,1.9295,5560628.0,46.3,15269.2,241932.4,6987.799999999999,49423.3,185521.3,49434.9,1932.2,11880.1,35622.600000000006
Denmark,2012,589554.113,57.9,1.1681,5580516.0,47.0,14747.9,241927.6,7144.700000000001,50548.2,184234.7,51279.7,2325.8,13385.399999999998,35568.5
Denmark,2013,583931.729,55.6,0.774,5602628.0,47.2,16166.2,245411.8,6435.4,52027.5,186948.9,52210.1,2581.9,14466.9,35161.3
Denmark,2014,557431.095,55.1,0.7233,5627235.0,50.0,17149.3,248188.7,6996.1,52375.6,188817.0,54862.0,2936.2,13301.3,38624.5
Denmark,2015,574439.964,54.4,0.3079,5659715.0,47.6,17687.9,253038.4,5954.6,53532.100000000006,193551.7,57061.9,2937.7,13467.6,40656.600000000006
Denmark,2016,591872.218,52.4,0.217,5707251.0,46.9,17035.1,260580.3,5474.6,56261.8,198843.9,61615.0,2327.3,15603.5,43684.2
Denmark,2017,602620.395,50.6,0.0769,5748769.0,46.5,19063.1,268950.2,5668.2,60589.6,202692.4,64338.7,1769.1,15242.3,47327.3
Denmark,2018,603689.524,50.8,0.029,5781190.0,45.4,15510.7,273149.0,5426.4,61529.5,206193.1,66928.0,1979.7,14485.4,50462.9
Denmark,2019,597860.838,49.8,-0.0598,5806081.0,48.1,18542.8,277743.5,5393.9,63473.3,208876.3,66386.5,2097.7,14381.3,49907.5
Denmark,2020,567785.426,53.3,0.089,5822763.0,48.1,17604.6,271165.3,5123.0,60086.5,205955.8,69241.6,2036.3,16272.2,50933.100000000006
Denmark,2021,586516.324,49.4,0.0201,5840045.0,48.1,21531.7,290874.3,5483.2,67837.9,217553.2,76006.0,2274.1,17662.1,56069.8
Denmark,2022,551997.012,44.9,1.508,5873420.0,42.6,36525.0,297819.9,5588.799999999999,72598.6,219632.50000000003,78123.9,2237.0,20198.6,55688.3
Denmark,2023,544765.422,46.8,4.0684,5932654.0,44.1,30681.8,306672.5,5262.9,79978.6,221431.0,72943.2,,,
Estonia,1994,143008.619,,6.8167,1476952.0,,,,,,,,,,
Estonia,1995,126857.857,39.7,7.1067,1448075.0,35.0,-217.7,9360.0,403.3,2257.4,6699.300000000001,1403.8,42.2,321.8,1039.8
Estonia,1996,132117.289,38.9,5.1067,1425192.0,33.9,-392.8,9819.9,421.4,2278.9,7119.6,1680.3,65.3,385.5,1229.5
Estonia,1997,128563.659,36.7,4.4192,1405996.0,33.6,-468.4,10997.4,484.6,2461.7,8051.099999999999,2074.9,85.5,550.5,1438.9
Estonia,1998,121305.8,39.1,3.9058,1393074.0,33.7,-484.9,11707.3,583.0,2555.8,8568.5,2550.4,99.7,671.9000000000001,1778.8000000000002
Estonia,1999,115123.321,40.1,3.1833,1379237.0,32.4,-237.1,11715.1,507.8,2402.4,8804.900000000001,2186.4,118.8,530.1,1537.5
Estonia,2000,105536.14,36.4,4.789,1401250.0,31.1,-200.0,12798.8,582.0,2864.1,9352.7,2496.4,140.2,609.6,1746.6000000000004
Estonia,2001,118174.988,35.3,4.0862,1392720.0,30.4,-276.2,13503.8,514.2,3068.5,9921.1,2821.4,190.1,688.0999999999999,1943.2000000000005
Estonia,2002,107053.685,35.9,3.4926,1383510.0,31.1,-579.4,14395.9,579.5,3301.8,10514.6,3486.5,221.6,1004.6,2260.3
Estonia,2003,109929.638,35.0,2.3339,1375190.0,30.9,-739.1,15501.4,639.1,3598.7000000000003,11263.6,4104.8,198.5,940.4,2965.9
Estonia,2004,127315.04,34.1,2.2746,1366250.0,31.1,-764.6,16471.3,655.2,3729.6,12086.499999999998,4330.9,232.4,1016.2,3082.3
Estonia,2005,133054.344,33.7,2.3328,1358850.0,29.9,-575.0,18042.2,663.9000000000001,4176.599999999999,13201.7,4999.0,309.0,1259.0000000000002,3431.0
Estonia,2006,137238.559,33.5,3.436,1350700.0,30.5,-1371.8,19718.7,729.4,4548.099999999999,14441.2,6136.8,309.8,1601.8,4225.2
Estonia,2007,155136.219,33.8,4.45,1342920.0,31.1,-1441.8,21104.3,920.0,4838.299999999999,15346.0,6769.4,327.2,1541.9,4900.299999999999
Estonia,2008,134884.782,39.5,4.826,1338440.0,31.5,-648.9,20470.2,879.2,4696.1,14894.9,5882.2,364.1,1340.6,4177.5
Estonia,2009,100948.824,46.1,1.6103,1335740.0,34.9,701.5,17345.0,727.9,3580.3,13036.8,3694.2,205.8,898.5,2589.9
Estonia,2010,131356.048,40.7,1.3533,1333290.0,33.2,946.4,17976.7,823.4,3933.0,13220.3,3612.8,262.9,905.2,2444.7000000000003
Estonia,2011,123556.571,37.6,2.0078,1329660.0,31.4,969.9,19399.3,899.1,4553.5,13946.7,4899.1,389.3,1353.9,3155.9
Estonia,2012,111962.809,39.4,1.1142,1325217.0,32.0,296.6,20014.3,910.3,4655.1,14448.9,5484.1,361.4,1603.5,3519.2000000000007
Estonia,2013,126020.453,38.3,0.536,1320174.0,31.8,442.0,20363.8,879.0,4761.8,14723.0,5566.0,376.3,1554.6,3635.1
Estonia,2014,117834.205,37.6,0.4751,1315819.0,32.4,656.9,21013.4,962.0,4901.9,15149.500000000002,5417.4,367.6,1339.8,3709.999999999999
Estonia,2015,102650.82,39.3,0.1677,1314870.0,33.5,748.4,21350.9,961.5,4922.2,15467.2,5246.0,290.2,1213.3,3742.5
Estonia,2016,139894.865,38.9,-0.0349,1315944.0,33.7,711.7,21951.1,787.2,5242.8,15921.1,5514.1,301.1,1096.3,4116.7
Estonia,2017,127853.353,38.9,-0.1452,1315635.0,32.8,966.7,23378.0,895.6,5522.4,16960.0,6277.4,346.9,1138.9,4791.6
Estonia,2018,124062.421,38.8,-0.173,1319133.0,32.8,612.3,24335.2,837.4000000000001,5820.6,17677.199999999997,6938.0,422.3,1342.6,5173.099999999999
Estonia,2019,124141.935,39.1,-0.2173,1324820.0,33.2,1049.5,25098.1,897.7,6028.5,18171.9,7365.5,336.6,1375.6,5653.299999999999
Estonia,2020,123753.952,44.7,-0.3057,1328976.0,33.4,-301.9,24419.9,704.9000000000001,5898.799999999999,17816.2,8685.2,363.6,1329.0,6992.6
Estonia,2021,123487.545,42.1,-0.4906,1330068.0,34.1,-409.7,26002.2,621.8,6405.6,18974.800000000003,8712.3,324.8,1471.6,6915.9
Estonia,2022,119775.382,40.0,1.0997,1331796.0,33.1,-450.6,26160.0,477.1,6052.200000000001,19630.7,8002.9,374.1,1507.1,6121.699999999999
Estonia,2023,109933.245,43.3,3.8647,1365884.0,34.0,326.9,25325.5,501.5,5580.5,19243.5,8600.0,400.9,2123.4,6075.700000000001
Finland,1994,956832.006,62.5,6.8167,5077912.0,46.5,4918.3,123596.6,4727.400000000001,34669.7,84199.50000000001,27204.6,1166.4,7025.299999999999,19012.9
Finland,1995,891302.891,61.0,7.1067,5098754.0,45.1,7653.3,128848.2,4675.1,34509.4,89663.69999999998,30615.1,1455.2,8739.6,20420.3
Finland,1996,950204.38,59.5,5.1067,5116826.0,46.3,7203.4,133679.1,4476.400000000001,36847.9,92354.80000000002,33678.5,1445.5,9450.5,22782.5
Finland,1997,1001141.033,56.1,4.4192,5132320.0,45.5,8215.9,142052.1,4840.0,40176.8,97035.3,37344.4,1768.4,10148.9,25427.1
Finland,1998,1038610.051,52.3,3.9058,5147349.0,45.2,9471.4,149582.6,4302.0,43222.8,102057.80000000002,41329.8,1951.0,10757.000000000002,28621.800000000003
Finland,1999,1026372.061,51.0,3.1833,5159646.0,44.6,11383.0,156552.1,4437.9,45027.600000000006,107086.6,43203.6,2103.4,10819.3,30280.899999999998
Finland,2000,993550.881,47.9,4.789,5171302.0,46.0,12508.0,166627.1,4631.8,48868.8,113126.5,45890.0,2055.6,11591.3,32243.1
Finland,2001,990921.433,47.3,4.0862,5181115.0,43.3,13380.0,171259.3,4617.4,49194.4,117447.5,46699.3,2165.9,12604.5,31928.9
Finland,2002,1053705.974,48.5,3.4926,5194901.0,43.4,13320.0,173510.6,4653.0,50475.8,118381.8,45320.7,2204.1,11517.3,31599.3
Finland,2003,1073730.007,49.3,2.3339,5206295.0,42.5,9994.0,175557.9,4558.400000000001,52136.5,118863.0,46587.6,2229.2,11627.2,32731.2
Finland,2004,1104302.958,49.1,2.2746,5219732.0,41.9,9955.0,182366.0,4503.8,54749.1,123113.1,48758.9,2049.7,11882.1,34827.100000000006
Finland,2005,1057772.358,49.0,2.3328,5236611.0,42.2,6534.0,187071.5,4618.4,56864.1,125589.0,50344.2,2137.3,12022.8,36184.09999999999
Finland,2006,1106202.255,48.1,3.436,5255580.0,42.2,7201.0,194160.0,4752.799999999999,61368.09999999999,128039.10000000002,51027.4,2172.8,12387.999999999998,36466.6
Finland,2007,1104356.542,46.6,4.45,5276955.0,41.5,8969.0,205846.7,5077.599999999999,66247.79999999999,134521.30000000002,56281.9,2609.9,13767.2,39904.8
Finland,2008,1077244.929,47.9,4.826,5300484.0,41.2,7024.0,207731.5,5192.2,64434.8,138104.5,56639.0,2908.2,14190.8,39540.0
Finland,2009,1005220.66,54.1,1.6103,5326314.0,40.9,3705.0,189816.8,5540.200000000001,53302.9,130973.69999999998,49825.7,2404.9,12627.9,34792.899999999994
Finland,2010,1101421.474,54.0,1.3533,5351427.0,40.7,2568.0,195917.3,5567.9,57752.2,132597.2,52127.4,2245.1,12725.399999999998,37156.90000000001
Finland,2011,1066313.93,53.8,2.0078,5375276.0,42.0,-1544.0,199304.3,5485.3,57719.9,136099.1,53480.5,2494.2,11981.1,39005.2
Finland,2012,1052998.938,55.7,1.1142,5401267.0,42.7,-3127.0,195224.6,5314.8,53067.4,136842.40000000002,53099.1,2631.2,11031.6,39436.3
Finland,2013,1009054.692,57.1,0.536,5426674.0,43.7,-2004.0,192987.1,5148.5,52829.2,135009.40000000002,50835.0,2676.9,10498.2,37659.9
Finland,2014,1053730.005,57.6,0.4751,5451270.0,43.9,-2091.0,192142.4,5251.8,52257.7,134632.90000000002,49688.6,2377.5,10826.7,36484.4
Finland,2015,1007238.087,55.7,0.1677,5471753.0,43.9,-838.0,192731.0,5555.1,52488.3,134687.6,49773.7,1936.6,11116.1,36721.0
Finland,2016,1052639.964,55.1,-0.0349,5487308.0,44.2,-2277.0,197220.9,5688.0,54226.0,137306.9,54350.6,1947.5,12054.0,40349.1
Finland,2017,1087108.566,52.8,-0.1452,5503297.0,43.3,885.0,204622.8,6025.9,57598.100000000006,140998.8,57063.5,2125.1,13271.8,41666.600000000006
Finland,2018,1103539.623,52.7,-0.173,5513130.0,42.8,-1960.0,206251.5,5993.700000000001,56449.9,143807.9,59570.8,2061.9,12782.9,44726.0
Finland,2019,1076679.068,52.6,-0.2173,5517919.0,42.6,1604.0,209596.0,6303.0,57275.4,146017.6,58951.7,2023.3,12289.4,44638.99999999999
Finland,2020,1034304.128,56.5,-0.3057,5525292.0,42.2,577.0,204507.0,6260.0,56306.0,141941.0,58284.0,2135.0,12477.0,43672.0
Finland,2021,1076010.626,55.1,-0.4906,5533793.0,43.6,135.0,210135.7,6211.1,55901.99999999999,148022.6,59343.1,2054.4,14253.1,43035.6
Finland,2022,1016740.259,52.6,1.0997,5548241.0,43.5,-5304.0,212395.5,6242.8,53769.4,152383.30000000002,60258.5,1547.3000000000002,14948.499999999998,43762.7
Finland,2023,1009616.749,55.8,3.8647,5563970.0,42.7,812.0,211246.0,5753.9,52247.5,153244.6,55521.3,1492.6999999999998,14235.9,39792.7
France,1994,6000279.523,,6.8167,59104320.0,,20451.2,1444916.1,33157.0,318387.4,1093371.7000000002,335564.2,12753.9,56779.8,266030.5
France,1995,6201186.865,56.1,7.1067,59315139.0,44.1,23765.6,1480543.7,34201.3,328637.1,1117705.2999999998,340070.8,13741.1,58337.8,267991.9
France,1996,6600843.43,56.0,5.1067,59522297.0,45.3,26877.3,1502256.4,36153.8,327712.1,1138390.5,341163.6,14284.2,58339.7,268539.69999999995
France,1997,6349906.653,55.6,4.4192,59726386.0,45.4,44228.8,1540022.9,36282.0,330796.19999999995,1172944.7,341909.2,14377.2,58750.7,268781.3
France,1998,6574039.994,54.0,3.9058,59934884.0,45.4,41258.6,1594239.5,36939.8,343780.2,1213519.5,363602.7,15152.9,63638.8,284811.0
France,1999,6554489.607,53.7,3.1833,60158533.0,46.1,38273.0,1648723.3,38563.600000000006,356989.3,1253170.4,391250.6,15836.6,68519.4,306894.6
France,2000,6554488.456,52.6,4.789,60545022.0,45.2,25492.6,1716803.8,37664.5,375897.7,1303241.6,417138.9,15250.1,73721.0,328167.80000000005
France,2001,6965393.896,52.8,4.0862,60979315.0,45.1,30111.4,1749111.9,36337.2,386602.9,1326171.7999999998,425795.6,14837.7,74120.0,336837.9
France,2002,6848679.786,53.9,3.4926,61424036.0,44.4,36757.4,1767102.9,37914.9,389593.3000000001,1339594.7,421728.7,13930.1,71239.40000000001,336559.2
France,2003,6946263.556,54.4,2.3339,61864088.0,44.3,27174.6,1782907.0,32284.4,393953.1,1356669.5,431673.8,13314.7,70437.0,347922.1
France,2004,7050922.401,54.0,2.2746,62292241.0,44.4,22497.9,1837716.1,38319.7,404050.4,1395346.0,447226.4,13325.0,72693.6,361207.8000000001
France,2005,6989384.608,54.3,2.3328,62772870.0,44.7,8885.6,1869710.4,36094.7,409173.8000000001,1424441.9,460496.1,12988.7,74166.0,373341.4
France,2006,6883795.269,53.8,3.436,63229635.0,45.1,-250.7,1920774.3,36457.2,417785.9,1466531.2000000002,480638.9,13146.4,77271.40000000001,390221.1
France,2007,6770039.504,53.6,4.45,63645065.0,44.6,-8439.3,1971676.2,36297.5,429862.4,1505516.2999999998,506889.5,14186.0,84454.2,408249.3
France,2008,6844172.931,54.3,4.826,64007193.0,44.5,-15555.3,1984153.1,37503.8,418907.1,1527742.2000000002,513003.7,14898.8,84253.7,413851.2
France,2009,6585922.196,58.0,1.6103,64350226.0,44.1,-8463.8,1932176.5,39337.9,390633.9,1502204.7000000002,465659.2,12892.8,70811.3,381955.1
France,2010,6762051.098,57.7,1.3533,64658856.0,44.2,-18654.9,1966850.2,38184.6,390756.6,1537908.9999999998,473868.6,11883.1,76084.4,385901.1
France,2011,6609041.272,57.0,2.0078,64978721.0,45.3,-31508.3,2016699.4,39744.8,396646.2,1580308.4,483823.9,13170.6,80466.40000000001,390186.9
France,2012,6767526.177,57.9,1.1142,65276983.0,46.5,-19788.6,2024705.0,36376.5,390986.2,1597342.3,482607.9,14441.0,77350.8,390816.1
France,2013,6864110.112,58.6,0.536,65600350.0,47.4,-13499.5,2041397.7,35545.1,395560.2,1610292.4,479966.2,14131.3,76340.20000000001,389494.7
France,2014,6444190.58,58.4,0.4751,66165980.0,47.6,-15413.0,2065887.3,40636.6,393977.6,1631273.1,478063.6,13450.2,79619.09999999999,384994.3
France,2015,6590510.035,57.6,0.1677,66458153.0,47.7,-2591.0,2082816.1,40358.7,393662.4,1648795.0,481021.8,12808.3,78251.1,389962.4
France,2016,6635784.45,57.4,-0.0349,66638391.0,47.7,-7729.6,2096973.4,35359.3,390648.5,1670965.6,494292.8,12200.3,79854.90000000001,402237.6
France,2017,6620585.154,57.7,-0.1452,66809816.0,48.5,-17695.9,2137971.4,38090.6,395018.2,1704862.6,512573.3,11993.5,82515.20000000001,418064.6
France,2018,6518070.622,56.4,-0.173,67026224.0,48.3,-22759.8,2172666.9,39471.1,402144.8000000001,1731050.9999999998,530524.7,13184.8,86930.6,430409.29999999993
France,2019,6510377.448,55.3,-0.2173,67290471.0,47.3,-15805.9,2218421.8,38548.6,410143.0,1769730.1999999995,552329.7,13199.0,88187.1,450943.6
France,2020,5909246.936,61.7,-0.3057,67473651.0,47.4,-39977.4,2056545.2,35860.4,375241.5,1645443.3,520133.8,13093.3,83233.2,423807.3
France,2021,6364001.882,59.5,-0.4906,67728568.0,46.9,-30407.8,2191102.5,34457.1,398897.7,1757747.7,570765.5,14137.0,88330.6,468297.9
France,2022,5993274.174,58.4,1.0997,68091703.0,47.6,-73895.6,2253258.1,36662.3,380716.4,1835879.4000000004,570492.8,14559.8,92263.1,463669.9
France,2023,5875412.76,57.0,3.8647,68277210.0,45.6,-56434.8,2285544.3,38041.2,394808.4,1852694.7,572715.9,14060.8,93839.0,464816.1
Germany,1994,9603082.031,,6.8167,81338093.0,,2160.6,,,,,,,,
Germany,1995,9822714.33,55.2,7.1067,81538603.0,40.7,7078.0,2271564.8,34711.3,747573.0,1489280.5,557144.1,11827.9,141183.1,404133.1
Germany,1996,10214886.796,49.6,5.1067,81817499.0,41.0,13051.9,2289848.9,32545.4,727584.9,1529718.6,554640.1,11190.7,138030.1,405419.3000000001
Germany,1997,10120896.601,48.8,4.4192,82012162.0,41.0,20026.5,2337263.5,33014.4,738327.7000000001,1565921.4,557512.3,10219.8,134285.5,413007.0
Germany,1998,10106296.532,48.3,3.9058,82057379.0,41.1,23397.9,2389946.5,33089.2,737370.3,1619486.9999999998,579974.9,10846.9,137132.8,431995.2
Germany,1999,9833598.985,48.5,3.1833,82037011.0,41.8,11228.0,2435811.6,34646.700000000004,740693.0,1660471.9,604867.7,10986.1,142824.5,451057.1
Germany,2000,9830240.103,48.1,4.789,82163475.0,41.6,3529.0,2511427.2,34097.2,766542.2,1710787.8,617461.5,10706.7,143075.8,463679.00000000006
Germany,2001,10126964.522,47.7,4.0862,82259540.0,39.7,34284.0,2560701.2,30356.6,759486.8,1770857.8,601332.7,10432.8,144041.7,446858.1999999999
Germany,2002,9877012.992,48.2,3.4926,82440309.0,39.3,90009.0,2561940.8,31267.7,737388.1000000001,1793284.9999999995,564803.4,10287.0,134377.4,420139.0
Germany,2003,9820440.439,48.5,2.3339,82536680.0,39.6,81143.0,2548305.2,31043.9,733404.9,1783856.4000000004,555671.1,9319.6,130479.6,415871.9
Germany,2004,9916364.627,47.0,2.2746,82531671.0,38.7,113825.0,2588282.3,37221.5,752567.4,1798493.4,553167.1,9452.8,130253.5,413460.79999999993
Germany,2005,9878380.239,46.9,2.3328,82500849.0,38.7,115197.0,2611214.9,28196.5,753125.8,1829892.6,558101.5,10968.4,125759.5,421373.6
Germany,2006,10199809.712,45.3,3.436,82437995.0,38.9,125669.0,2714411.5,28205.3,789160.0,1897046.2,600154.3,12560.5,132200.7,455393.1
Germany,2007,9509949.555,43.5,4.45,82314906.0,39.0,162442.0,2805212.1,28529.0,816879.2,1959803.9,621880.3,12268.9,141913.9,467697.5
Germany,2008,9780949.061,44.4,4.826,82217837.0,39.4,149779.0,2832483.3,31782.1,805326.5,1995374.7,631675.5,13507.8,149150.5,469017.2
Germany,2009,9234364.087,48.3,1.6103,82002356.0,39.8,118960.0,2656460.2,30582.1,690179.2,1935698.9,570621.6,12315.1,130323.3,427983.2
Germany,2010,9760756.619,48.1,1.3533,81802257.0,38.3,133521.0,2778870.6,30171.7,792642.7,1956056.2,603173.8,11057.3,132726.5,459390.0
Germany,2011,9298168.887,45.3,2.0078,80222065.0,38.8,133342.0,2882996.9,30706.9,835067.5,2017222.5,648098.9,12949.8,145290.5,489858.6
Germany,2012,9313643.364,45.1,1.1142,80327900.0,39.5,169063.0,2897562.2,30615.3,834553.0,2032393.9000000004,646699.6,12329.1,149344.1,485026.4
Germany,2013,9644447.676,45.2,0.536,80523746.0,39.8,165526.0,2910887.9,29366.7,825745.1000000001,2055776.1,639261.2,12215.6,145523.5,481522.1
Germany,2014,9167708.71,44.5,0.4751,80767463.0,39.7,195154.0,2975966.8,32391.9,859322.2000000001,2084252.7,662239.2,12313.7,153919.19999999998,496006.3000000001
Germany,2015,9245656.168,44.5,0.1677,81197537.0,40.1,228879.0,3018733.0,29080.5,864608.5,2125044.0,673875.5,11632.9,156602.69999999998,505639.9
Germany,2016,9356873.449,44.7,-0.0349,82175684.0,40.5,232135.0,3090629.7,29886.9,896172.6000000001,2164570.2,699431.3,11041.4,163300.80000000002,525089.1
Germany,2017,9574068.567,44.6,-0.1452,82521653.0,40.7,236020.0,3177091.7,31159.2,927773.6,2218158.9,717916.8,11138.5,170389.9,536388.4
Germany,2018,9380986.058,44.7,-0.173,82792351.0,41.2,205426.0,3215209.4,27337.5,937000.3,2250871.6,743840.8,10994.4,179981.3,552865.1000000001
Germany,2019,9439598.428,45.6,-0.2173,83019213.0,41.4,199327.0,3237832.1,29575.7,924000.5,2284255.9,758938.5,11105.4,186323.2,561509.8999999999
Germany,2020,8980327.11,51.1,-0.3057,83166711.0,41.3,184386.0,3098997.0,29556.0,871014.0,2198427.0,736476.0,10822.0,171234.0,554420.0
Germany,2021,9175994.528,50.7,-0.4906,83155031.0,42.1,189652.0,3216758.9,32937.9,904910.7,2278910.3,741189.5,10796.0,177919.9,552473.6
Germany,2022,8823532.211,49.0,1.0997,83237124.0,41.7,98724.0,3272540.8,33515.6,884045.7,2354979.5,739716.5,11074.6,177498.2,551143.7
Germany,2023,8201032.423,48.4,3.8647,83118501.0,40.3,167656.0,3283077.4,33346.8,887723.4,2362007.2,730805.1,10918.7,184450.4,535436.0
Greece,1994,652016.946,,6.8167,10489871.0,,,,,,,,,,
Greece,1995,654744.678,46.6,7.1067,10535973.0,30.1,-7622.8,131207.8,8359.5,24311.9,98536.4,27102.5,863.6,2739.5000000000005,23499.4
Greece,1996,691032.656,46.1,5.1067,10588332.0,30.5,-9199.0,132304.4,8221.1,24126.8,99956.5,29648.4,972.1,3244.5,25431.800000000003
Greece,1997,711224.08,45.1,4.4192,10629267.0,31.8,-8203.4,136676.1,8586.699999999999,24777.4,103312.0,30560.8,1175.6,3629.5,25755.7
Greece,1998,750507.245,46.7,3.9058,10693250.0,33.2,-11874.2,142466.3,9124.1,26077.5,107264.69999999998,36030.9,1247.0,4059.6,30724.300000000003
Greece,1999,745194.402,48.0,3.1833,10747768.0,34.6,-12576.2,144509.4,9224.1,28350.7,106934.6,38558.2,1372.5,4408.900000000001,32776.8
Greece,2000,772907.401,48.2,4.789,10775627.0,36.2,-15285.3,150259.4,9304.2,29107.3,111847.89999999998,40404.5,1479.9,4975.799999999999,33948.8
Greece,2001,802418.944,47.5,4.0862,10835989.0,34.5,-15537.3,156182.2,9395.5,30515.3,116271.40000000002,41992.8,1550.8,5527.4,34914.6
Greece,2002,819542.23,47.1,3.4926,10888274.0,35.6,-14757.5,163541.1,9424.0,32091.8,122025.30000000002,40957.1,1223.5,3732.8,36000.8
Greece,2003,850315.661,47.9,2.3339,10915770.0,33.9,-17666.1,173607.4,9641.0,36221.9,127744.5,45771.6,1472.6,3880.1,40418.9
Greece,2004,859316.326,48.8,2.2746,10940369.0,32.9,-16258.5,184366.8,9866.8,37388.3,137111.7,49256.8,1586.7,4201.4,43468.7
Greece,2005,871874.22,46.6,2.3328,10969912.0,34.2,-16303.5,186333.8,10272.9,36979.2,139081.7,43337.2,1803.6,3817.8,37715.8
Greece,2006,878767.188,45.9,3.436,11004716.0,33.2,-20475.8,196106.0,9016.0,40448.9,146641.1,51439.4,1694.4,4838.4,44906.6
Greece,2007,847562.794,47.8,4.45,11036008.0,34.0,-25288.3,201908.1,8400.9,39441.2,154066.0,57566.1,2286.3,5127.3,50152.49999999999
Greece,2008,878236.375,51.5,4.826,11060937.0,34.2,-27539.8,202500.7,8439.1,34314.0,159747.6,53357.3,2714.1,5992.299999999999,44650.90000000001
Greece,2009,853172.749,54.8,1.6103,11094745.0,33.4,-20897.3,195847.0,8279.5,34447.3,153120.2,46281.0,2222.9,5200.799999999999,38857.3
Greece,2010,802365.83,53.1,1.3533,11119289.0,34.6,-16690.7,184422.2,8013.7,30927.3,145481.2,36006.2,2253.5,4151.0,29601.7
Greece,2011,764944.361,55.1,2.0078,11123392.0,36.8,-11552.9,168055.2,8077.1,27462.1,132516.0,26915.0,1665.6,2544.2000000000003,22705.2
Greece,2012,745248.609,57.9,1.1142,11086406.0,40.3,-8296.0,155957.9,8340.1,26273.2,121344.6,21844.7,1412.6,4298.9,16133.200000000004
Greece,2013,631802.946,63.9,0.536,11003615.0,39.5,-4097.2,153361.0,7860.700000000001,24377.6,121122.69999999998,19799.4,1923.1,2804.3,15072.000000000004
Greece,2014,657077.022,51.5,0.4751,10926807.0,40.1,-2471.3,153538.2,8169.3,22829.0,122539.90000000002,19357.2,1448.8,3256.4,14652.000000000002
Greece,2015,692754.727,54.8,0.1677,10858018.0,40.4,-1576.6,153549.0,7970.3,22275.800000000003,123302.9,19392.4,1758.1,3181.5,14452.800000000005
Greece,2016,706369.558,50.3,-0.0349,10783748.0,42.4,-2265.9,153016.4,7230.200000000001,22779.7,123006.5,19890.5,2159.4,3276.4,14454.7
Greece,2017,698196.609,48.6,-0.1452,10768193.0,42.6,-2348.4,156453.2,7876.7,22559.4,126017.1,21415.0,2096.6,3130.1,16188.3
Greece,2018,661399.31,48.6,-0.173,10741165.0,42.8,-3569.3,159153.7,7778.400000000001,23778.3,127597.0,20436.9,2254.5,3658.6,14523.8
Greece,2019,686796.407,47.7,-0.2173,10724599.0,41.5,-2721.3,161973.5,8010.0,24235.2,129728.3,20268.0,2509.3,3783.1,13975.6
Greece,2020,608999.671,59.3,-0.3057,10718565.0,41.4,-12386.1,147236.3,7195.1,23329.6,116711.59999999998,20607.1,2172.8,4588.7,13845.6
Greece,2021,627607.039,56.7,-0.4906,10678632.0,41.5,-13828.0,159199.4,6965.2,26472.2,125762.0,25071.6,2683.2000000000003,4902.7,17485.699999999997
Greece,2022,653402.935,52.9,1.0997,10459782.0,42.8,-20036.0,167629.9,7981.2,27022.8,132625.9,29173.7,2867.6,5591.400000000001,20714.7
Greece,2023,634716.798,49.5,3.8647,10413982.0,40.7,-10673.8,171320.3,6053.099999999999,28565.9,136701.3,31088.3,3063.8,5790.8,22233.7
Ireland,1994,331084.147,,6.8167,3583154.0,,,,,,,,,,
Ireland,1995,320515.203,40.4,7.1067,3597617.0,33.8,5783.6,100728.7,3027.9,28279.1,69421.70000000001,18323.6,1206.8000000000002,3984.5,13132.3
Ireland,1996,351930.701,38.6,5.1067,3620065.0,34.0,6534.9,106778.7,3025.0,30677.800000000003,73075.9,21333.6,1378.1,4826.3,15129.2
Ireland,1997,379044.092,36.1,4.4192,3654955.0,33.2,8759.7,117948.5,3098.6000000000004,35585.5,79264.4,24705.5,1528.8000000000002,5269.5,17907.2
Ireland,1998,399509.412,34.2,3.9058,3693386.0,32.4,8762.1,128459.4,3089.4,40071.3,85298.7,28026.0,1444.2,6373.799999999999,20208.0
Ireland,1999,410305.518,32.5,3.1833,3732006.0,32.3,12108.4,139217.6,2770.0,45036.7,91410.9,31970.6,1315.9,6540.099999999999,24114.6
Ireland,2000,434029.011,30.6,4.789,3777565.0,32.0,14998.8,150581.3,2857.1,50620.7,97103.5,33586.0,1286.3000000000002,7007.200000000001,25292.5
Ireland,2001,447573.761,32.2,4.0862,3832783.0,29.9,19055.7,156317.8,2553.1,53147.0,100617.69999999998,35541.3,1124.3,7226.0,27191.0
Ireland,2002,461223.56,32.9,3.4926,3899702.0,29.1,23363.9,165841.3,2538.5,58204.7,105098.1,37515.9,1186.8,9302.1,27027.0
Ireland,2003,439901.093,32.7,2.3339,3964191.0,29.8,22054.4,167992.7,2733.9,58611.8,106647.0,40507.8,1273.4,8953.2,30281.2
Ireland,2004,459613.517,32.8,2.2746,4028851.0,30.9,22444.6,176726.7,3184.2,59515.8,114026.7,44460.5,1125.9,8824.6,34510.0
Ireland,2005,466962.541,33.0,2.3328,4111672.0,31.3,18529.0,187492.1,2574.8,63417.7,121499.6,51946.5,1183.4,11133.999999999998,39629.1
Ireland,2006,480728.508,33.6,3.436,4208156.0,32.7,14881.2,196099.0,2281.9,65125.6,128691.5,55692.6,1469.1,10660.8,43562.7
Ireland,2007,492719.08,35.6,4.45,4340118.0,32.2,16310.9,211432.2,2419.6,68215.6,140797.0,55709.9,2002.1,9751.9,43955.9
Ireland,2008,495435.251,41.6,4.826,4457765.0,30.5,16157.1,206686.0,2495.1000000000004,62577.3,141613.59999999998,49257.5,2752.5,8683.4,37821.6
Ireland,2009,488283.847,46.9,1.6103,4521322.0,29.0,22920.5,193512.2,2115.7,56450.600000000006,134945.9,40919.3,1304.8000000000002,8786.1,30828.4
Ireland,2010,472517.789,64.9,1.3533,4549428.0,28.4,27720.6,196992.0,2410.4,55996.5,138585.1,34769.0,997.4,7571.7,26199.9
Ireland,2011,439820.457,46.8,2.0078,4570881.0,28.9,32056.5,201728.0,2710.5,58074.8,140942.7,34753.4,1175.2,6184.7,27393.500000000004
Ireland,2012,444242.633,42.2,1.1142,4589287.0,29.4,30533.9,196101.8,2239.3,55472.8,138389.7,40419.1,1494.9,7983.099999999999,30941.1
Ireland,2013,420715.971,39.8,0.536,4609779.0,29.3,36125.1,200381.0,2400.3,53728.2,144252.5,38730.8,1218.1999999999998,9853.1,27659.500000000007
Ireland,2014,423727.091,36.5,0.4751,4637852.0,29.1,38139.0,217677.5,2900.6,60004.100000000006,154772.8,46140.5,1263.4,10519.6,34357.5
Ireland,2015,450900.97,28.0,0.1677,4677627.0,23.2,80792.1,266655.8,2981.8,101701.6,161972.4,71790.6,1393.5,30236.4,40160.70000000001
Ireland,2016,473329.881,27.5,-0.0349,4726286.0,24.0,51457.0,269274.1,3210.1,101106.8,164957.2,100446.3,1310.1,50406.2,48730.0
Ireland,2017,468504.339,25.3,-0.1452,4799157.0,22.7,73047.1,290060.8,3478.0,105248.8,181334.0,104187.0,1295.3,22879.6,80012.09999999999
Ireland,2018,476233.765,24.8,-0.173,4855733.0,22.6,98810.7,316843.1,2961.1,116535.3,197346.7,94720.6,1264.6,33858.200000000004,59597.8
Ireland,2019,484062.602,23.9,-0.2173,4940311.0,22.3,17446.7,333805.5,3790.7,119119.0,210895.8,189137.1,1489.8,86438.70000000001,101208.6
Ireland,2020,465758.829,26.7,-0.3057,5012600.0,20.2,79565.2,360059.1,3912.0,142520.5,213626.6,157987.0,1339.9,68574.50000000001,88072.59999999999
Ireland,2021,475213.743,23.6,-0.4906,5066893.0,20.9,187284.2,418842.3,4141.0,172832.0,241869.3,95784.6,1354.1,42605.50000000001,51824.99999999999
Ireland,2022,469436.668,20.6,1.0997,5154277.0,21.1,214830.6,459892.6,4599.200000000001,201867.5,253425.9,99286.4,1118.4,38085.5,60082.5
Ireland,2023,469122.627,22.7,3.8647,5271395.0,22.7,167776.9,434045.0,5214.5,157023.8,271806.7,102065.0,1086.9,39401.9,61576.2
Italy,1994,4836526.024,,6.8167,56842392.0,,,,,,,,,,
Italy,1995,5058204.384,51.4,7.1067,56844408.0,40.2,32881.6,1395344.6,33837.4,419679.6,941827.6000000002,295307.3,9698.5,74512.09999999999,211096.7
Italy,1996,5111585.999,51.3,5.1067,56844197.0,40.7,46836.2,1414400.6,34408.6,420829.6,959162.4,301834.6,9573.1,73479.00000000001,218782.5
Italy,1997,5157765.88,49.3,4.4192,56876364.0,42.3,40684.6,1437738.9,35358.399999999994,418831.6,983548.9,308584.0,10295.6,74891.6,223396.8
Italy,1998,5282558.374,48.0,3.9058,56904379.0,41.0,34412.2,1461336.2,36027.700000000004,424232.0,1001076.5,320825.8,10285.9,83625.1,226914.8
Italy,1999,5377173.902,47.1,3.1833,56909109.0,41.1,20925.8,1484573.8,37911.7,424291.79999999993,1022370.3000000002,335615.1,11054.4,85938.1,238622.59999999995
Italy,2000,5391135.755,46.4,4.789,56923524.0,40.0,10551.2,1542255.4,38610.5,433560.8,1070084.1,358778.9,12517.7,92027.7,254233.5
Italy,2001,5506492.684,47.1,4.0862,56960692.0,39.9,16474.1,1571831.2,37241.4,436763.5,1097826.3,367446.1,11854.0,95128.5,260463.6
Italy,2002,5492842.44,46.5,3.4926,56993270.0,39.6,10221.7,1577761.3,35672.700000000004,439582.1,1102506.5,380733.5,11820.6,98362.4,270550.5
Italy,2003,5738863.946,47.0,2.3339,57186378.0,39.8,6353.5,1578402.2,34177.9,434447.7,1109776.6,377358.7,11708.7,99511.7,266138.3
Italy,2004,5659557.901,46.7,2.2746,57611990.0,39.2,8558.9,1604548.7,37881.6,444428.0,1122239.1,383618.6,12612.7,95313.5,275692.4
Italy,2005,5844418.405,47.1,2.3328,58044368.0,39.0,-1476.1,1617139.7,36115.0,445563.3000000001,1135461.4,390045.9,12838.9,93642.6,283564.4
Italy,2006,5729079.379,47.6,3.436,58288996.0,40.1,-12750.7,1648434.1,35772.3,457730.2,1154931.6,400224.3,13233.1,99312.5,287678.7
Italy,2007,5717202.309,46.6,4.45,58510725.0,41.4,-5480.4,1674696.0,36184.0,464342.0,1174170.0,406598.0,12711.9,102101.4,291784.69999999995
Italy,2008,5731042.593,47.8,4.826,59001769.0,41.3,-11978.3,1660876.2,36819.7,452323.4,1171733.1,393135.6,11198.4,101437.1,280500.1
Italy,2009,5477244.919,51.1,1.6103,59420592.0,41.9,-9301.3,1569044.3,36308.4,385034.29999999993,1147701.6,352310.2,9652.0,83677.3,258980.9
Italy,2010,5515175.383,49.8,1.3533,59690316.0,41.5,-29524.4,1597404.8,36283.9,401283.5,1159837.4,352163.3,10470.8,85416.2,256276.3
Italy,2011,5259116.798,49.0,2.0078,59948497.0,41.4,-22312.1,1609901.3,36803.9,401429.6,1171667.8000000005,346773.3,11069.4,88956.9,246747.0
Italy,2012,5102456.081,50.5,1.1142,60105185.0,43.3,17731.3,1564441.0,35453.6,382080.1,1146907.2999999998,312647.4,10062.4,80359.09999999999,222225.9
Italy,2013,5053447.798,50.9,0.536,60277309.0,43.5,37624.6,1540878.5,35908.0,371458.0,1133512.5,291608.8,8693.6,76853.1,206062.1
Italy,2014,4771188.918,50.7,0.4751,60345917.0,43.2,45645.3,1539806.8,35325.1,362029.3000000001,1142452.4,285309.7,9895.3,76885.3,198529.10000000003
Italy,2015,4924886.078,50.2,0.1677,60295497.0,43.2,47445.5,1554159.8,36743.2,365239.7,1152176.9,290872.0,9500.1,78302.7,203069.2
Italy,2016,4888265.607,49.0,-0.0349,60163712.0,42.3,53964.7,1575406.2,37539.7,371482.1,1166384.4,302062.3,9131.8,86418.2,206512.3
Italy,2017,5073304.779,48.8,-0.1452,60066734.0,42.1,47045.1,1604434.9,36268.7,382755.4,1185410.7999999998,311907.0,9895.4,88769.5,213242.1
Italy,2018,5016970.614,48.3,-0.173,59937769.0,41.8,41813.0,1620342.6,37154.2,387829.1,1195359.3000000005,322139.1,12704.0,93659.7,215775.4
Italy,2019,4968169.296,48.4,-0.2173,59816673.0,42.5,57830.4,1631728.4,36209.0,391058.9,1204460.5,327226.6,12765.0,92289.7,222171.9
Italy,2020,4575241.324,56.8,-0.3057,59641488.0,42.9,58654.5,1496321.9,34976.4,347326.4,1114019.1,303972.5,10669.8,84535.3,208767.4
Italy,2021,5038907.813,56.0,-0.4906,59236213.0,42.5,37610.0,1630469.8,36503.0,401645.5,1192321.3,369458.3,12337.1,97726.0,259395.2
Italy,2022,4689956.827,54.9,1.0997,59030133.0,41.9,-36329.3,1713637.2,33962.5,419145.6,1260529.1,397301.2,10945.2,107118.4,279237.6
Italy,2023,4627677.871,53.8,3.8647,58997201.0,41.7,30450.4,1726151.9,32692.5,421000.8000000001,1272458.6,430992.4,,,
Latvia,1994,172731.715,,6.8167,2540904.0,,,,,,,,,,
Latvia,1995,164509.775,36.8,7.1067,2500580.0,31.5,-196.2,10332.3,696.7,3184.6000000000004,6450.999999999998,1441.7,26.9,294.2,1120.6
Latvia,1996,159615.754,36.5,5.1067,2469531.0,30.3,-423.7,10545.1,636.3000000000001,3276.1,6632.700000000001,1922.5,33.0,405.7000000000001,1483.8
Latvia,1997,156865.9,36.1,4.4192,2444912.0,31.7,-519.8,11551.6,685.3000000000001,3687.3,7179.000000000001,1959.9,36.4,449.3,1474.2
Latvia,1998,152350.526,39.0,3.9058,2420789.0,32.8,-773.5,12349.4,652.0,3938.1,7759.299999999999,2862.9,58.5,708.1999999999999,2096.2000000000003
Latvia,1999,138345.672,42.0,3.1833,2399248.0,32.2,-691.2,12742.3,607.2,3934.9,8200.199999999999,2894.8,62.6,712.8999999999999,2119.3
Latvia,2000,136302.288,38.1,4.789,2381715.0,30.2,-687.7,13460.8,707.3,3987.900000000001,8765.599999999999,3490.3,74.0,817.3,2599.0
Latvia,2001,149031.788,35.4,4.0862,2353384.0,29.3,-971.8,14346.2,781.5,4157.4,9407.3,4123.5,64.8,913.6,3145.1
Latvia,2002,149190.748,36.2,3.4926,2320956.0,28.9,-1029.8,15479.0,841.0,4598.0,10040.0,4024.1,117.8,1040.4,2865.9
Latvia,2003,159508.393,35.4,2.3339,2299390.0,28.9,-1314.4,16773.1,834.5,4906.3,11032.3,4600.2,214.9,1175.9,3209.4
Latvia,2004,164078.568,36.6,2.2746,2276520.0,28.9,-1795.1,18240.5,861.3,5275.4,12103.8,5855.7,291.8,1473.8000000000002,4090.1
Latvia,2005,169538.436,36.3,2.3328,2249724.0,29.2,-1971.7,20410.5,949.5,5616.200000000001,13844.8,7110.1,547.1,1780.8,4782.2
Latvia,2006,177816.808,38.5,3.436,2227874.0,30.4,-3584.2,22929.7,929.8,6429.300000000001,15570.6,8280.7,452.9,1783.5,6044.300000000001
Latvia,2007,183713.066,36.5,4.45,2208840.0,30.0,-4341.8,25113.4,1007.2,6807.200000000001,17299.0,10141.6,534.6,2352.2000000000003,7254.799999999999
Latvia,2008,174813.314,40.2,4.826,2191810.0,29.7,-3106.1,24652.3,961.4,6521.0,17169.899999999998,8951.7,542.3,2170.9,6238.500000000002
Latvia,2009,167939.736,46.4,1.6103,2162834.0,28.6,-375.5,21267.9,1070.4,4963.7,15233.8,5367.4,271.4,1387.7,3708.3
Latvia,2010,169783.736,46.9,1.3533,2120504.0,29.1,-374.5,20357.7,1007.2,4602.6,14747.9,4394.6,327.7,962.6,3104.3000000000006
Latvia,2011,160236.074,43.8,2.0078,2074605.0,30.4,-1166.3,20894.5,1037.0,4824.099999999999,15033.4,5560.8,486.9,1338.5,3735.400000000001
Latvia,2012,167208.537,40.4,1.1142,2044813.0,30.5,-1180.2,22339.7,1109.5,5107.6,16122.6,6670.8,621.8000000000001,1641.2,4407.8
Latvia,2013,160705.098,39.9,0.536,2023825.0,30.8,-995.4,22656.6,1053.8,5060.9,16541.9,6284.6,465.7,1242.7,4576.200000000001
Latvia,2014,162383.13,40.4,0.4751,2001468.0,31.2,-660.5,23068.7,1134.8,4946.3,16987.600000000002,6052.5,348.5,1321.3,4382.7
Latvia,2015,158506.248,40.0,0.1677,1986096.0,31.2,-282.3,23884.7,1176.3,5202.6,17505.800000000003,5870.7,368.9,1132.2,4369.6
Latvia,2016,158430.473,38.8,-0.0349,1968957.0,32.2,128.9,24362.5,1130.1,5205.3,18027.1,5499.7,504.0,1031.1,3964.6
Latvia,2017,165361.345,39.6,-0.1452,1950116.0,32.7,-112.9,25190.4,1156.1999999999998,5588.700000000001,18445.5,6102.7,537.6,708.5,4856.599999999999
Latvia,2018,171950.935,40.7,-0.173,1934379.0,32.1,-139.2,26119.9,1127.7,5736.1,19256.1,6807.1,678.9,1131.8,4996.400000000001
Latvia,2019,166125.278,39.7,-0.2173,1919968.0,33.0,-64.4,26283.4,1324.9,5744.6,19213.9,6898.4,487.4,1218.6,5192.4
Latvia,2020,162221.835,44.3,-0.3057,1907675.0,32.9,419.5,25367.0,1330.4,5804.299999999999,18232.3,6730.3,474.8,1521.0,4734.5
Latvia,2021,170269.621,46.5,-0.4906,1893223.0,32.5,-1024.7,27219.0,1327.8000000000002,6038.200000000001,19853.0,7185.1,489.2,1676.4,5019.500000000001
Latvia,2022,162343.337,44.2,1.0997,1875757.0,33.2,-1764.7,27652.6,1165.8000000000002,5530.6,20956.2,7070.9,677.7,1755.4,4637.8
Latvia,2023,161400.773,44.0,3.8647,1883008.0,33.4,-1461.0,28338.2,1055.6,5846.5,21436.1,7771.3,,,
Lithuania,1994,213556.13,,6.8167,3671296.0,,,,,,,,,,
Lithuania,1995,212805.51,34.4,7.1067,3642991.0,27.5,-550.1,16368.9,1351.8000000000002,3910.7,11106.399999999998,2194.3,151.8,636.3999999999999,1406.1000000000004
Lithuania,1996,213445.96,36.4,5.1067,3615212.0,27.1,-619.0,17191.7,1532.2,4082.0,11577.5,2656.2,201.9,876.2,1578.0999999999997
Lithuania,1997,212474.73,50.0,4.4192,3588013.0,31.1,-904.4,18618.8,1637.7,4325.4,12655.7,3337.1,273.2,1090.5,1973.4
Lithuania,1998,211505.43,41.0,3.9058,3562261.0,32.6,-1148.3,20008.3,1557.1999999999998,4878.799999999999,13572.3,4043.8,262.1,1355.9,2425.8
Lithuania,1999,194737.21,40.7,3.1833,3536401.0,32.5,-1033.1,19788.8,1322.4,4652.400000000001,13813.999999999996,3805.5,297.70000000000005,1372.4,2135.4000000000005
Lithuania,2000,178018.46,39.4,4.789,3512074.0,30.8,-772.3,20465.3,1396.1,4658.4,14410.8,3544.4,363.1,1143.1,2038.2000000000005
Lithuania,2001,193502.24,37.1,4.0862,3486998.0,29.3,-747.7,21792.3,1354.6,5201.3,15236.4,3995.7,362.5,1189.0,2444.2
Lithuania,2002,199925.705,35.1,3.4926,3454637.0,29.0,-861.2,23256.7,1412.5,5579.6,16264.6,4438.6,356.1,1336.9,2745.6000000000004
Lithuania,2003,205799.81,33.6,2.3339,3431497.0,28.6,-964.5,25710.7,1497.8,6574.5,17638.4,5062.7,453.6,1515.5,3093.5999999999995
Lithuania,2004,212486.16,33.9,2.2746,3398929.0,29.2,-1286.5,27382.4,1445.4,7316.900000000001,18620.1,5862.7,568.3,1662.9,3631.5
Lithuania,2005,223777.395,34.1,2.3328,3355220.0,29.5,-1515.6,29499.5,1448.7,8038.400000000001,20012.4,6535.3,532.1,1815.9,4187.299999999999
Lithuania,2006,236247.495,34.4,3.436,3289835.0,30.5,-2468.0,31681.1,1306.0,9131.0,21244.1,7815.8,414.4,2336.1,5065.300000000001
Lithuania,2007,266550.825,35.3,4.45,3249983.0,30.4,-3801.9,35190.7,1443.4,10224.3,23523.0,9561.4,408.3,2819.7000000000003,6333.4
Lithuania,2008,258776.4,38.1,4.826,3212605.0,30.9,-3790.7,36105.5,1461.0,10410.9,24233.6,9179.3,341.5,2392.8,6444.999999999999
Lithuania,2009,221013.465,44.8,1.6103,3183856.0,30.6,-473.4,30747.9,1437.2,7738.2,21572.5,5608.3,232.5,1331.8000000000002,4044.0
Lithuania,2010,226906.62,43.0,1.3533,3141976.0,29.1,-561.4,30879.3,1364.3000000000002,7975.099999999999,21539.9,5691.0,484.5,1283.3,3923.2
Lithuania,2011,246193.42,40.1,2.0078,3052588.0,27.8,-840.9,32832.0,1458.0,8921.2,22452.8,6906.9,628.8,1648.8000000000002,4629.299999999999
Lithuania,2012,251126.824,36.6,1.1142,3003641.0,27.5,203.8,34271.0,1609.0,9138.4,23523.6,6778.0,549.4000000000001,1617.2,4611.400000000001
Lithuania,2013,237026.2,35.7,0.536,2974637.0,27.5,508.2,35657.9,1569.5,9594.6,24493.800000000003,7334.2,784.3000000000001,1648.4,4901.5
Lithuania,2014,243162.271,35.0,0.4751,2947862.0,28.1,702.8,37003.1,1638.3,10199.1,25165.7,7745.6,730.8000000000001,1798.4,5216.400000000001
Lithuania,2015,246833.65,35.2,0.1677,2926644.0,29.3,-369.5,38051.3,1695.0,10420.7,25935.6,8077.6,722.0,1991.3,5364.3
Lithuania,2016,253206.111,34.5,-0.0349,2895573.0,30.2,282.8,39068.0,1638.4,10457.7,26971.9,8347.1,723.8,1788.3000000000002,5835.0
Lithuania,2017,269383.222,33.4,-0.1452,2859077.0,29.9,969.9,40869.9,1658.5,11013.1,28198.300000000003,9087.2,746.1999999999999,2053.6,6287.4
Lithuania,2018,276165.381,33.7,-0.173,2826200.0,30.2,853.2,42880.1,1493.6,11576.0,29810.5,9958.5,773.2,2405.4,6779.9
Lithuania,2019,278253.724,34.5,-0.2173,2812200.0,30.6,2591.2,44885.7,1633.8,12177.3,31074.59999999999,10593.7,641.2,2767.3,7185.200000000001
Lithuania,2020,269200.773,42.3,-0.3057,2809977.0,31.6,4560.4,44905.0,1909.9,12325.2,30669.9,10773.6,680.1,2384.8,7708.7
Lithuania,2021,279681.793,37.3,-0.4906,2810761.0,32.3,2524.0,47769.9,1762.6,13216.0,32791.3,12135.9,769.4000000000001,3076.2000000000003,8290.3
Lithuania,2022,251855.466,36.2,1.0997,2805998.0,32.0,-1411.1,48982.1,1728.8,13622.0,33631.3,12771.2,715.4,3375.5000000000005,8680.300000000001
Lithuania,2023,251018.205,37.4,3.8647,2857279.0,32.4,2880.7,49149.7,1684.3,13512.5,33952.899999999994,13956.7,624.2,3702.9,9629.6
Luxembourg,1994,126952.595,,6.8167,400200.0,,,,,,,,,,
Luxembourg,1995,116991.702,41.4,7.1067,405650.0,38.7,3095.7,27893.1,326.8,4602.2,22964.1,5023.6,93.1,1000.6,3929.9
Luxembourg,1996,120426.896,41.7,5.1067,411600.0,38.7,3346.0,28195.6,314.40000000000003,4639.2,23242.0,4912.9,6.4,748.0,4158.5
Luxembourg,1997,121240.347,41.5,4.4192,416850.0,38.9,3514.3,29512.3,288.29999999999995,4949.4,24274.6,5407.0,56.5,1143.5,4207.0
Luxembourg,1998,121279.597,41.9,3.9058,422050.0,39.5,3389.4,31459.5,325.6,5141.1,25992.800000000003,5736.3,79.9,983.9,4672.500000000001
Luxembourg,1999,126729.927,40.2,3.1833,427350.0,38.6,4099.4,33918.1,361.2000000000001,5534.1,28022.800000000003,6985.0,67.5,1137.3,5780.2
Luxembourg,2000,135850.985,38.0,4.789,433600.0,38.7,5258.6,36002.1,332.8,5748.6,29920.7,6764.2,142.9,1179.3,5442.0
Luxembourg,2001,141627.797,38.1,4.0862,439000.0,38.9,5166.7,37310.8,272.0,5670.0,31368.800000000003,7218.3,113.4,1301.6,5803.3
Luxembourg,2002,141515.733,41.8,3.4926,444050.0,38.9,5511.0,38465.0,353.5,5931.3,32180.2,7249.2,164.3,1399.0000000000002,5685.9
Luxembourg,2003,151330.952,43.3,2.3339,448300.0,39.0,5433.8,39432.6,236.3,6372.0,32824.3,7401.4,245.9,1496.9,5658.6
Luxembourg,2004,167853.309,43.7,2.2746,454960.0,37.7,6269.8,40882.3,258.2,6455.9,34168.200000000004,7872.0,224.3,1373.1,6274.6
Luxembourg,2005,171483.426,43.4,2.3328,461230.0,38.9,7137.6,41765.1,213.3,6457.0,35094.8,7504.0,213.9,1299.8,5990.3
Luxembourg,2006,168841.38,39.4,3.436,469086.0,36.7,10116.2,44614.1,227.2,6474.700000000001,37912.2,7821.2,218.6,1347.0,6255.599999999999
Luxembourg,2007,164621.947,37.4,4.45,476187.0,37.1,11920.6,48244.1,243.1,7277.5,40723.5,8779.3,173.79999999999998,1468.1999999999998,7137.3
Luxembourg,2008,166150.174,37.9,4.826,483799.0,36.3,12313.4,48024.6,206.5,6409.6,41408.5,9743.4,211.4,1571.1,7960.9
Luxembourg,2009,154366.817,42.7,1.6103,493500.0,37.7,12620.2,46438.2,201.2,5733.1,40503.9,8397.4,215.9,1333.4,6848.1
Luxembourg,2010,164438.717,42.0,1.3533,502066.0,37.0,13461.9,48134.0,223.2,5915.799999999999,41995.0,8447.4,177.9,1116.4,7153.1
Luxembourg,2011,164370.007,41.5,2.0078,511840.0,37.5,13414.0,48313.2,179.7,5577.0,42556.5,9921.5,283.2,1490.4,8147.9
Luxembourg,2012,160687.458,41.8,1.1142,524853.0,37.8,14254.1,48978.4,200.6,5730.8,43047.0,10093.9,258.5,1310.7,8524.699999999999
Luxembourg,2013,158618.302,41.2,0.536,537039.0,37.6,15824.7,50497.9,174.0,6082.6,44241.3,10168.5,265.7,1364.9,8537.9
Luxembourg,2014,152055.843,40.6,0.4751,549680.0,37.5,16643.8,51531.5,189.5,6370.2,44971.8,11035.7,289.0,1421.6,9325.1
Luxembourg,2015,149332.372,40.4,0.1677,562958.0,36.2,17617.3,53912.5,184.2,6990.4,46737.9,10128.7,120.1,1360.0,8648.6
Luxembourg,2016,149403.63,40.0,-0.0349,576249.0,36.9,18975.8,56649.7,181.6,7414.6,49053.5,10408.9,138.9,1425.0,8845.0
Luxembourg,2017,152458.913,41.3,-0.1452,590667.0,38.1,18440.1,57164.3,176.2,6844.1,50144.00000000001,10965.1,131.0,1475.8,9358.3
Luxembourg,2018,158115.661,42.4,-0.173,602005.0,41.1,19586.7,57731.3,190.5,6890.9,50649.9,10168.7,123.1,1496.0,8549.6
Luxembourg,2019,160396.581,43.1,-0.2173,613894.0,41.4,19026.0,59542.3,180.8,7593.9,51767.6,11541.9,129.9,1615.2,9796.8
Luxembourg,2020,138065.61,47.0,-0.3057,626108.0,40.2,21918.3,58889.4,168.0,7259.4,51462.0,10771.4,137.4,1399.3,9234.7
Luxembourg,2021,145291.178,42.8,-0.4906,634730.0,40.0,24099.2,63331.0,176.0,7218.8,55936.2,12596.1,181.2,1414.7,11000.2
Luxembourg,2022,127759.533,43.8,1.0997,645397.0,40.2,26393.0,64027.4,175.5,6714.1,57137.8,11620.0,300.5,1482.6,9836.9
Luxembourg,2023,123490.313,47.9,3.8647,660809.0,42.8,24459.5,63123.3,172.7,6645.0,56305.600000000006,11506.2,,,
Netherlands,1994,2296080.421,,6.8167,15341553.0,,,,,,,,,,
Netherlands,1995,2367852.759,54.8,7.1067,15424122.0,38.9,25874.4,457906.5,21747.5,90757.3,345401.7,100510.1,5138.2,18485.9,76886.0
Netherlands,1996,2509083.24,48.1,5.1067,15493889.0,38.9,24650.6,472186.9,22917.0,91711.2,357558.7,107236.5,5468.9,19537.6,82230.0
Netherlands,1997,2421230.853,46.5,4.4192,15567107.0,38.1,26665.1,492866.7,22192.9,93159.0,377514.8,113747.8,7025.7,19800.6,86921.5
Netherlands,1998,2428012.773,45.4,3.9058,15654192.0,37.7,27229.9,515567.6,21294.5,97133.5,397139.6,121362.7,5874.9,20350.9,95136.9
Netherlands,1999,2426486.462,44.3,3.1833,15760225.0,38.6,26318.0,540182.6,21365.4,102022.8,416794.4,133461.0,6486.900000000001,21676.0,105298.1
Netherlands,2000,2450832.794,43.2,4.789,15863950.0,38.2,32643.0,564177.6,20768.5,106478.19999999998,436930.9,136690.1,6141.7,21079.800000000003,109468.6
Netherlands,2001,2491136.677,44.1,4.0862,15987075.0,37.0,35108.0,577467.2,20581.7,108931.5,447954.0,138420.9,6941.4,20595.0,110884.5
Netherlands,2002,2522563.109,44.8,3.4926,16105285.0,36.5,37515.0,578733.6,20781.0,108222.5,449730.1,132837.8,6865.6,19442.0,106530.19999999998
Netherlands,2003,2619916.577,45.8,2.3339,16192572.0,36.3,36940.0,579085.4,20920.0,105729.2,452436.2,130514.6,6793.2,18817.4,104904.0
Netherlands,2004,2631524.044,44.7,2.2746,16258032.0,36.3,43768.0,591271.2,22428.6,107760.89999999998,461081.7,130607.2,5908.4,18558.6,106140.2
Netherlands,2005,2587236.855,43.4,2.3328,16305526.0,36.5,49316.0,603496.9,20555.3,112905.4,470036.2,134918.8,6500.5,19037.1,109381.19999999998
Netherlands,2006,2596575.849,44.0,3.436,16334210.0,37.2,53433.0,624319.6,20439.2,116043.7,487836.7,144269.4,6960.8,20474.6,116834.0
Netherlands,2007,2553627.899,43.3,4.45,16357992.0,36.6,47467.0,649174.8,20444.4,122641.59999999998,506088.8000000001,165435.5,7416.0,22213.4,135806.1
Netherlands,2008,2539394.386,44.3,4.826,16405399.0,37.0,59003.0,665025.8,21668.0,123795.1,519562.70000000007,160589.5,8388.8,23136.500000000004,129064.2
Netherlands,2009,2492571.962,48.4,1.6103,16485787.0,36.3,51006.0,642970.6,21174.6,113953.6,507842.4,146852.1,7604.6,21367.2,117880.3
Netherlands,2010,2701663.44,48.9,1.3533,16574989.0,36.7,54612.0,652540.3,22560.9,112912.8,517066.6,136176.8,7512.0,21251.2,107413.6
Netherlands,2011,2494157.342,47.8,2.0078,16655799.0,36.6,56373.0,666379.9,21690.4,116794.9,527894.6,143652.9,9865.6,24008.1,109779.19999999998
Netherlands,2012,2515075.557,47.6,1.1142,16730348.0,36.7,64230.0,661439.4,21522.3,113873.0,526044.1,134670.8,8937.7,23745.5,101987.6
Netherlands,2013,2484610.333,47.5,0.536,16779575.0,37.3,67159.0,663883.9,22435.6,112141.40000000002,529306.9,132562.8,8056.0,23200.0,101306.8
Netherlands,2014,2281518.754,46.7,0.4751,16829289.0,38.1,74979.0,674862.1,21555.0,114677.19999999998,538629.9,129358.8,9034.9,24761.4,95562.5
Netherlands,2015,2308969.595,45.3,0.1677,16900726.0,37.9,53542.0,687897.3,20571.6,117703.1,549622.6000000001,166981.1,7955.1,25053.3,133972.7
Netherlands,2016,2381416.903,43.9,-0.0349,16979120.0,39.1,78164.0,703337.1,20343.6,122728.9,560264.6,151817.8,7147.200000000001,26948.0,117722.59999999998
Netherlands,2017,2438935.479,42.8,-0.1452,17081507.0,39.3,80440.0,722934.8,19464.3,130883.6,572586.9,160991.8,6797.4,26528.800000000003,127665.6
Netherlands,2018,2423783.47,42.4,-0.173,17181084.0,39.4,83087.0,738923.7,18517.0,136706.0,583700.7,166013.4,6165.400000000001,30178.300000000003,129669.7
Netherlands,2019,2355552.26,42.1,-0.2173,17282163.0,39.6,82688.0,756589.2,18235.6,140038.3,598315.3,178224.6,7503.7,30064.9,140656.0
Netherlands,2020,2312576.751,47.8,-0.3057,17407585.0,40.2,83686.0,726149.0,17350.0,138732.0,570067.0,173694.0,5883.0,29732.0,138079.0
Netherlands,2021,2362509.947,45.9,-0.4906,17475415.0,39.7,86883.0,774694.0,16857.0,150060.0,607777.0,177928.4,5479.1,29234.2,143215.09999999998
Netherlands,2022,2070314.144,43.2,1.0997,17590672.0,38.7,87255.0,818692.4,16387.600000000002,157484.1,644820.7000000001,183997.8,5845.1,31969.500000000004,146183.19999999998
Netherlands,2023,2046739.215,43.2,3.8647,17811291.0,39.1,119237.0,819589.3,15545.6,157527.5,646516.2000000001,186401.0,6048.0,32534.2,147818.8
Portugal,1994,618450.172,,6.8167,9974391.0,,,,,,,,,,
Portugal,1995,642062.759,42.6,7.1067,10008659.0,31.4,-5802.3,172356.0,5113.0,66807.0,100436.0,32942.6,813.8000000000001,5351.4,26777.4
Portugal,1996,670554.121,43.1,5.1067,10043693.0,32.1,-6872.9,164870.0,5259.299999999999,58593.600000000006,101017.1,34653.2,920.9,5847.4,27884.899999999998
Portugal,1997,707112.596,42.5,4.4192,10084196.0,32.1,-8261.1,179004.6,4963.599999999999,69075.1,104965.9,39561.3,1011.5,7149.400000000001,31400.4
Portugal,1998,765428.093,42.7,3.9058,10133758.0,32.6,-10147.1,181898.4,4831.9,68189.3,108877.2,44203.8,1086.9,9312.2,33804.7
Portugal,1999,788334.061,42.6,3.1833,10186634.0,33.2,-12379.4,183194.5,5077.599999999999,65838.1,112278.8,46886.8,1245.2,9067.2,36574.40000000001
Portugal,2000,818074.952,42.7,4.789,10249022.0,33.5,-14181.8,187740.4,4921.7,66019.8,116798.89999999998,48790.0,1208.6,9836.3,37745.100000000006
Portugal,2001,830690.237,44.1,4.0862,10330774.0,33.2,-13872.5,192555.7,4889.7,68407.0,119259.0,49264.2,1225.0,8971.599999999999,39067.6
Portugal,2002,856992.559,43.7,3.4926,10394669.0,33.9,-11634.6,201743.1,4983.0,76071.6,120688.5,47591.7,1217.1,7523.8,38850.8
Portugal,2003,852225.247,45.4,2.3339,10444592.0,33.1,-9355.0,200862.6,4835.0,75944.4,120083.2,44110.9,1143.8,7440.5,35526.6
Portugal,2004,876856.48,46.3,2.2746,10473050.0,33.5,-11982.7,202173.9,5078.900000000001,75279.2,121815.8,44195.3,1239.6,8118.6,34837.100000000006
Portugal,2005,876776.578,46.8,2.3328,10494672.0,34.4,-13914.9,203565.8,4845.400000000001,74673.59999999999,124046.8,44242.3,1081.8,8316.5,34844.0
Portugal,2006,844667.465,45.2,3.436,10511988.0,34.9,-13021.9,207837.7,4928.9,76633.09999999999,126275.70000000004,43908.4,1102.3,8626.0,34180.1
Portugal,2007,860506.45,44.5,4.45,10532588.0,35.1,-13262.6,209241.9,4810.5,74207.4,130224.0,45265.0,1175.0,10055.9,34034.1
Portugal,2008,821395.717,45.5,4.826,10553339.0,35.0,-17110.7,214956.7,4902.900000000001,77805.3,132248.5,45455.2,1176.1,10828.4,33450.7
Portugal,2009,798978.37,50.3,1.6103,10563014.0,33.4,-12112.9,197511.2,4679.0,61491.1,131341.1,42029.5,987.5,10122.7,30919.3
Portugal,2010,794676.354,51.9,1.3533,10573479.0,33.7,-13730.7,233439.4,4693.5,94828.3,133917.6,41556.2,1141.5,9729.9,30684.8
Portugal,2011,760263.388,50.0,2.0078,10572721.0,35.4,-7378.1,204182.9,4747.7,67328.3,132106.89999999997,36344.1,1071.3,9117.6,26155.2
Portugal,2012,688842.195,48.8,1.1142,10558950.0,34.4,-832.7,181666.9,4680.7,48114.49999999999,128871.69999999998,30279.1,1048.5,7779.699999999999,21450.9
Portugal,2013,682102.74,50.0,0.536,10503889.0,37.1,1873.0,181773.4,4686.5,48663.0,128423.9,28864.2,1087.0,7409.9,20367.300000000003
Portugal,2014,703052.787,51.7,0.4751,10444092.0,37.0,258.9,177466.4,4557.3,44362.59999999999,128546.5,29502.7,1164.2,7596.3,20742.2
Portugal,2015,705526.571,48.3,0.1677,10395121.0,37.0,1328.7,179762.1,4644.599999999999,45244.4,129873.1,31276.3,1287.9,7323.699999999999,22664.7
Portugal,2016,700324.219,44.9,-0.0349,10368554.0,36.7,2213.9,180231.3,4676.3,43302.6,132252.4,32114.3,1215.7,7701.9,23196.7
Portugal,2017,712041.441,45.5,-0.1452,10344478.0,36.7,2106.7,188974.4,4742.8,47946.5,136285.1,35824.3,1385.3,8914.9,25524.1
Portugal,2018,708994.258,43.3,-0.173,10335770.0,37.0,1269.9,192790.1,4741.900000000001,48349.90000000001,139698.3,38031.0,1467.2,9499.9,27063.9
Portugal,2019,736204.476,42.5,-0.2173,10333496.0,36.8,1148.1,196467.8,4890.0,47457.9,144119.9,40134.1,1511.1999999999998,9647.8,28975.1
Portugal,2020,686397.739,49.1,-0.3057,10375395.0,37.5,-4013.8,175104.3,4828.7,38464.5,131811.09999999998,39193.9,1471.4,9646.4,28076.1
Portugal,2021,709304.407,47.3,-0.4906,10394297.0,37.4,-6011.4,185311.2,5022.700000000001,41683.0,138605.5,42247.2,1557.1,10626.500000000002,30063.6
Portugal,2022,718705.831,43.9,1.0997,10421117.0,37.9,-5856.9,198123.6,4591.8,42298.3,151233.5,43655.4,1514.0,11227.899999999998,30913.500000000004
Portugal,2023,711305.978,42.4,3.8647,10516621.0,37.6,3078.7,203502.5,,,,45220.8,,,
Slovakia,1994,463827.988,,6.8167,5336455.0,,,,,,,,,,
Slovakia,1995,467604.138,47.8,7.1067,5356207.0,39.2,-92.8,35834.8,949.5,9117.7,25767.6,9939.5,470.6,3824.0,5644.9
Slovakia,1996,493640.852,52.9,5.1067,5367790.0,38.4,-2242.6,38581.2,949.0,11836.1,25796.1,12725.1,607.7,4632.9,7484.5
Slovakia,1997,499944.79,48.6,4.4192,5378932.0,36.6,-1990.7,40710.1,981.4,10859.8,28868.9,14445.4,682.0,5265.0,8498.4
Slovakia,1998,497404.966,46.2,3.9058,5387650.0,36.3,-2231.1,42025.9,967.2,11767.1,29291.60000000001,15616.4,829.6,6018.3,8768.5
Slovakia,1999,484002.348,48.4,3.1833,5393382.0,35.1,-923.2,41968.2,854.2,11557.8,29556.2,13297.7,711.4,4969.500000000001,7616.8
Slovakia,2000,489043.453,53.2,4.789,5398657.0,34.0,-520.9,42227.3,813.4000000000001,11782.9,29631.0,11676.2,490.5,3810.0,7375.700000000001
Slovakia,2001,487457.345,46.2,4.0862,5378783.0,33.0,-1768.7,43971.4,936.7,11429.9,31604.800000000003,13151.5,443.1,4809.099999999999,7899.3
Slovakia,2002,488649.846,46.0,3.4926,5378951.0,33.1,-1683.8,45770.9,923.4,13002.6,31844.9,13091.8,486.3,4655.7,7949.8
Slovakia,2003,463996.604,40.0,2.3339,5374873.0,33.1,-133.7,47651.1,966.4,14508.8,32175.9,12521.8,450.0,4637.999999999999,7433.8
Slovakia,2004,463840.542,38.4,2.2746,5371875.0,32.0,-530.9,49866.3,929.5,16417.8,32519.000000000004,13238.2,492.3,5364.799999999999,7381.100000000002
Slovakia,2005,489287.623,39.1,2.3328,5372685.0,31.7,-1351.9,52840.3,1000.4,16922.199999999997,34917.700000000004,15421.8,951.4,6519.099999999999,7951.3
Slovakia,2006,477662.848,38.2,3.436,5372928.0,29.5,-1108.6,58295.8,1024.9,20103.5,37167.4,16489.8,561.8,7219.900000000001,8708.099999999999
Slovakia,2007,482950.009,35.9,4.45,5373180.0,29.4,98.3,64764.7,1316.6,22345.3,41102.8,18152.6,606.1,8725.6,8820.9
Slovakia,2008,495805.713,36.5,4.826,5376064.0,29.2,-1358.0,68644.6,1544.4,23341.2,43759.000000000015,18771.1,894.6,7649.9,10226.6
Slovakia,2009,454989.717,43.2,1.6103,5382401.0,29.1,-334.5,65124.9,1506.5,20088.6,43529.8,15144.0,577.1,5421.7,9145.2
Slovakia,2010,510247.65,41.0,1.3533,5390410.0,28.1,-650.4,69675.7,1194.3,22004.7,46476.7,16386.9,548.2,5593.3,10245.4
Slovakia,2011,489035.43,40.8,2.0078,5392446.0,29.2,63.1,70945.0,1381.1,22675.4,46888.5,18545.5,667.3,7874.499999999999,10003.7
Slovakia,2012,458376.165,40.0,1.1142,5404322.0,28.9,3574.9,72686.3,1360.7,23094.2,48231.40000000001,16663.6,559.0,6718.0,9386.6
Slovakia,2013,469080.703,41.1,0.536,5410836.0,31.1,3623.8,72866.6,1607.1,21806.4,49453.1,16892.6,561.4,5866.799999999999,10464.4
Slovakia,2014,423087.161,42.0,0.4751,5415949.0,32.0,3157.2,74798.1,2060.7,24648.3,48089.10000000001,17364.9,558.8000000000001,6209.1,10597.000000000002
Slovakia,2015,444242.065,44.1,0.1677,5421349.0,32.6,1576.7,78478.3,1757.1,26433.4,50287.8,20937.6,657.3,7204.0,13076.3
Slovakia,2016,455765.934,40.9,-0.0349,5426252.0,33.1,1523.1,80107.1,1883.3,26118.4,52105.4,19007.0,691.3,6795.7,11520.0
Slovakia,2017,488701.312,39.8,-0.1452,5435343.0,34.0,1070.6,81896.5,1711.0,26510.0,53675.5,19017.8,755.2,6736.400000000001,11526.199999999995
Slovakia,2018,488909.791,39.7,-0.173,5443120.0,34.0,1011.7,85145.8,1997.5,28199.8,54948.5,19664.6,680.4,6307.8,12676.399999999998
Slovakia,2019,471885.425,40.6,-0.2173,5450421.0,34.6,-32.6,86707.3,1665.7,29115.6,55926.00000000001,20648.8,811.3000000000001,6650.799999999999,13186.7
Slovakia,2020,452914.592,44.5,-0.3057,5457873.0,34.6,1002.2,84655.0,1792.8,26755.0,56107.2,18657.5,661.6999999999999,5750.6,12245.2
Slovakia,2021,494354.297,44.9,-0.4906,5459781.0,35.0,-464.5,89008.6,1826.4,27979.7,59202.500000000015,19601.4,782.4000000000001,6054.9,12764.1
Slovakia,2022,463183.111,43.0,1.0997,5434712.0,35.3,-6546.4,89103.9,1585.3,25629.7,61888.9,19227.2,921.5,5696.0,12609.7
Slovakia,2023,432558.307,48.5,3.8647,5428792.0,35.5,1945.2,92151.2,1899.9,30033.300000000003,60218.0,22422.6,975.8,7213.900000000001,14232.899999999998
Slovenia,1994,162513.278,,6.8167,1989408.0,,,,,,,,,,
Slovenia,1995,176076.8,53.0,7.1067,1989477.0,39.3,-366.3,21944.1,830.3000000000001,7031.0,14082.8,5409.0,284.8,1397.7,3726.5
Slovenia,1996,190208.631,45.1,5.1067,1990266.0,38.4,-211.4,22516.8,867.6,7374.1,14275.1,5848.2,289.6,1468.6,4090.0
Slovenia,1997,195485.998,45.4,4.4192,1986989.0,37.3,-208.4,23635.8,927.5,7871.1,14837.2,6589.4,309.9,1782.7,4496.8
Slovenia,1998,189633.227,46.4,3.9058,1984923.0,38.1,-334.7,24281.3,909.5,7984.099999999999,15387.7,7116.5,291.2,1938.1,4887.2
Slovenia,1999,197918.945,47.2,3.1833,1978334.0,38.5,-919.1,25404.6,870.4,8409.100000000002,16125.099999999997,8070.3,335.5,2278.5,5456.3
Slovenia,2000,200537.787,47.8,4.789,1987755.0,38.1,-804.1,26390.5,865.3000000000001,8824.2,16701.0,8262.0,270.9,2353.5,5637.6
Slovenia,2001,211743.659,49.2,4.0862,1990094.0,38.3,-242.0,27295.3,869.2,8948.6,17477.5,8427.6,298.3,2541.9,5587.4
Slovenia,2002,204740.501,47.8,3.4926,1994026.0,38.9,247.5,28282.4,971.3,9152.2,18158.9,8396.8,327.7,2458.4,5610.699999999999
Slovenia,2003,213945.759,47.6,2.3339,1995033.0,39.0,-83.3,29241.1,763.1,9668.5,18809.5,8882.8,330.6,2797.0000000000005,5755.199999999999
Slovenia,2004,220497.848,46.9,2.2746,1996433.0,39.0,-400.7,30573.9,953.2,10096.7,19524.0,9375.3,303.3,2913.0,6159.0
Slovenia,2005,227883.969,46.7,2.3328,1997590.0,39.7,-186.4,31701.9,920.9,10453.4,20327.6,9714.0,337.20000000000005,2934.2000000000007,6442.599999999999
Slovenia,2006,227673.309,45.7,3.436,2003358.0,39.1,-15.1,33652.6,915.4,11428.4,21308.8,10709.6,318.2,3256.3,7135.099999999999
Slovenia,2007,228473.341,43.5,4.45,2010377.0,38.4,-466.1,36124.3,962.0,12633.2,22529.1,11986.9,338.3,3388.0,8260.6
Slovenia,2008,241969.4,45.2,4.826,2010269.0,37.9,-798.3,37212.0,934.9,13009.9,23267.2,12831.7,389.8,3437.4999999999995,9004.400000000001
Slovenia,2009,213336.871,50.0,1.6103,2032362.0,38.2,517.2,34569.7,859.3,11190.3,22520.099999999995,9998.9,342.8,2702.9999999999995,6953.1
Slovenia,2010,220881.308,50.7,1.3533,2046976.0,38.9,387.6,34976.2,876.5,11135.1,22964.6,8589.2,293.6,2336.1,5959.5
Slovenia,2011,216438.175,51.4,2.0078,2050189.0,38.4,453.7,35090.0,912.1,11113.3,23064.6,8154.2,299.1,2497.0000000000005,5358.099999999999
Slovenia,2012,210972.068,50.0,1.1142,2055496.0,38.7,1234.0,34190.4,839.0999999999999,10711.1,22640.200000000004,7475.4,291.8,2405.5,4778.099999999999
Slovenia,2013,206432.369,57.7,0.536,2058821.0,38.6,1711.6,34031.6,820.9,10520.9,22689.8,7748.0,307.3,2870.3,4570.4
Slovenia,2014,198646.309,50.6,0.4751,2061085.0,38.5,2546.8,35216.3,815.3,11035.7,23365.3,7819.6,288.3,2575.8,4955.5
Slovenia,2015,203124.654,49.5,0.1677,2062874.0,38.7,3121.8,36046.4,929.5,11156.7,23960.2,7771.1,353.3,2337.2000000000003,5080.6
Slovenia,2016,211071.096,46.9,-0.0349,2064188.0,38.7,3455.0,37184.4,914.2,11516.0,24754.200000000004,7541.8,334.6,2491.4,4715.799999999999
Slovenia,2017,214254.322,44.6,-0.1452,2065895.0,38.4,3862.6,39220.6,878.7,12330.2,26011.7,8256.3,379.5,2824.7000000000003,5052.099999999999
Slovenia,2018,215374.388,44.1,-0.173,2066880.0,38.6,3875.1,40943.3,1009.6,12932.0,27001.700000000004,9129.7,438.4,3078.2,5613.100000000001
Slovenia,2019,211849.773,43.8,-0.2173,2080908.0,38.4,4175.1,42437.3,966.8,13713.4,27757.1,9579.7,432.8,3189.4,5957.500000000002
Slovenia,2020,192729.874,51.8,-0.3057,2095861.0,38.4,4204.0,41139.2,1016.8,13398.4,26723.999999999996,8891.5,362.3,2861.6000000000004,5667.6
Slovenia,2021,206496.613,49.9,-0.4906,2108977.0,39.1,3054.7,44282.3,881.2,14411.3,28989.800000000003,9982.8,412.5,3298.3,6272.0
Slovenia,2022,203966.333,47.7,1.0997,2107180.0,38.1,993.5,45450.0,917.7,14345.800000000005,30186.5,10400.2,408.3,3251.0999999999995,6740.800000000002
Slovenia,2023,193281.878,46.5,3.8647,2116972.0,36.9,4095.2,46602.2,840.3000000000001,15380.8,30381.099999999995,10803.1,397.0,3352.3,7053.800000000001
Spain,1994,2808965.849,,6.8167,39458489.0,,,,,,,,,,
Spain,1995,2922285.8,44.1,7.1067,39639726.0,32.3,-5160.0,700423.0,22707.0,213398.0,464318.0,149526.0,3553.0,37937.0,108036.0
Spain,1996,2888560.813,42.9,5.1067,39808374.0,32.0,-767.0,718547.0,26542.0,217106.0,474899.0,153265.0,4309.0,40659.0,108297.0
Spain,1997,3105344.967,41.5,4.4192,39971329.0,32.9,1067.2,742877.0,28015.0,226055.0,488807.0,161732.0,4538.0,43112.0,114082.0
Spain,1998,3299970.676,41.0,3.9058,40143449.0,33.7,-2380.6,771497.0,28414.0,237058.0,506025.0,179141.0,5097.0,48729.0,125315.0
Spain,1999,3382990.952,39.9,3.1833,40303568.0,34.1,-11413.0,804906.0,28269.0,249800.0,526837.0,196894.0,5525.0,54120.0,137249.0
Spain,2000,3575497.814,39.1,4.789,40470182.0,34.0,-19063.0,847624.0,30012.0,262981.0,554631.0,211978.0,4578.0,50609.0,156791.0
Spain,2001,3760070.431,38.4,4.0862,40665545.0,33.7,-15843.0,881281.0,30016.0,274935.0,576330.0,220855.0,4227.0,48670.0,167958.0
Spain,2002,3792498.437,38.6,3.4926,41035278.0,34.1,-14797.0,904871.0,30448.0,279212.0,595211.0,229875.0,4434.0,49858.0,175583.0
Spain,2003,3992203.171,38.3,2.3339,41827838.0,33.9,-17696.0,928966.0,30577.0,285043.0,613346.0,244995.0,4667.0,51676.0,188652.0
Spain,2004,4166416.655,38.8,2.2746,42547451.0,34.9,-31848.0,954997.0,30087.0,287793.0,637117.0,256180.0,4730.0,56127.0,195323.0
Spain,2005,4262296.079,38.4,2.3328,43296338.0,36.1,-44717.0,987026.0,27894.0,294913.0,664219.0,274052.0,4997.0,60609.0,208446.0
Spain,2006,4159102.901,38.4,3.436,44009971.0,36.8,-57454.0,1028310.0,29516.0,302306.0,696488.0,293947.0,4676.0,69169.0,220102.0
Spain,2007,4264445.815,39.2,4.45,44784666.0,37.2,-62290.0,1069137.0,31584.0,305531.0,732022.0,305691.0,4770.0,73156.0,227765.0
Spain,2008,4117655.159,41.3,4.826,45668939.0,32.9,-52646.0,1080935.0,30938.0,300982.0,749015.0,292859.0,5567.0,67642.0,219650.0
Spain,2009,3822101.542,46.1,1.6103,46239273.0,30.5,-9291.0,1045629.0,29414.0,272041.0,744174.0,242697.0,6208.0,48290.0,188199.0
Spain,2010,3828776.285,45.8,1.3533,46486619.0,32.1,-11178.0,1043796.0,30262.0,261201.0,752333.0,230215.0,5780.0,44234.0,180201.0
Spain,2011,3729576.049,45.9,2.0078,46667174.0,32.0,2832.0,1041171.0,31733.0,248822.0,760616.0,213306.0,4880.0,43883.0,164543.0
Spain,2012,3560448.556,49.2,1.1142,46818219.0,33.2,21190.0,1012150.0,28793.0,232521.0,750836.0,198090.0,4767.0,44531.0,148792.0
Spain,2013,3376094.055,46.2,0.536,46712650.0,34.0,39407.0,999231.0,32019.0,219467.0,747745.0,191131.0,4439.0,47942.0,138750.0
Spain,2014,3240908.966,45.0,0.4751,46495744.0,34.5,31578.0,1010034.0,31479.0,221598.0,756957.0,199482.0,4994.0,48420.0,146068.0
Spain,2015,3337424.726,43.7,0.1677,46425722.0,34.4,32780.0,1045761.0,32790.0,231216.0,781755.0,210107.0,5317.0,50722.0,154068.0
Spain,2016,3439499.168,42.1,-0.0349,46418884.0,34.1,44530.0,1073529.0,34197.0,238856.0,800476.0,214379.0,6273.0,62313.0,145793.0
Spain,2017,3606389.423,41.0,-0.1452,46497393.0,34.4,42511.0,1106005.0,33670.0,247555.0,824780.0,228851.0,6437.0,59254.0,163160.0
Spain,2018,3683024.083,41.5,-0.173,46645070.0,35.2,33219.0,1133142.0,35288.0,249260.0,848594.0,243700.0,6561.0,61899.0,175240.0
Spain,2019,3641677.147,42.0,-0.2173,46918951.0,35.2,37422.0,1156624.0,34628.0,255352.0,866644.0,255620.0,6551.0,67392.0,181677.0
Spain,2020,3288511.875,51.4,-0.3057,47318050.0,37.3,17118.0,1030964.0,33937.0,224699.0,772328.0,232798.0,5951.0,57766.0,169081.0
Spain,2021,3542616.185,49.5,-0.4906,47400798.0,38.1,12226.0,1095737.0,36942.0,232756.0,826039.0,238933.0,6444.0,53513.0,178976.0
Spain,2022,3472923.261,46.4,1.0997,47486843.0,37.5,12125.0,1169148.0,31335.0,244955.0,892858.0,246705.0,6035.0,55474.0,185196.0
Spain,2023,3443773.026,45.4,3.8647,48085361.0,37.0,58836.0,1202872.0,31711.0,247792.0,923369.0,251977.0,,,
