Country,Year,ED
Albania,1990,91686.607
Albania,1991,62551.104
Albania,1992,45248.68
Albania,1993,41288.217
Albania,1994,43522.774
Albania,1995,41232.082
Albania,1996,43924.338
Albania,1997,35422.996
Albania,1998,39361.856
Albania,1999,65796.233
Albania,2000,65787.851
Albania,2001,67379.233
Albania,2002,76159.288
Albania,2003,72619.374
Albania,2004,84608.53
Albania,2005,83636.955
Albania,2006,73704.679
Albania,2007,71141.376
Albania,2008,76626.73
Albania,2009,82494.617
Albania,2010,83971.866
Albania,2011,83800.313
Albania,2012,75601.656
Albania,2013,88643.812
Albania,2014,90096.695
Albania,2015,85581.847
Albania,2016,84025.775
Albania,2017,88663.171
Albania,2018,90099.48
Albania,2019,87982.27
Albania,2020,83268.557
Albania,2021,85958.066
Albania,2022,83517.196
Albania,2023,81408.882
Austria,1990,820418.028
Austria,1991,879512.897
Austria,1992,858893.689
Austria,1993,871391.502
Austria,1994,849432.583
Austria,1995,882550.058
Austria,1996,961798.352
Austria,1997,950097.615
Austria,1998,971582.69
Austria,1999,980833.824
Austria,2000,987164.955
Austria,2001,1045151.63
Austria,2002,1052795.994
Austria,2003,1112017.485
Austria,2004,1122335.017
Austria,2005,1144773.822
Austria,2006,1162648.966
Austria,2007,1136167.104
Austria,2008,1137348.097
Austria,2009,1110439.188
Austria,2010,1162629.541
Austria,2011,1120464.134
Austria,2012,1132741.583
Austria,2013,1156661.738
Austria,2014,1115472.117
Austria,2015,1142111.956
Austria,2016,1170832.574
Austria,2017,1180130.579
Austria,2018,1167794.406
Austria,2019,1186521.832
Austria,2020,1128482.74
Austria,2021,1195922.712
Austria,2022,1120880.35
Austria,2023,1071033.951
Belgium,1990,1299016.244
Belgium,1991,1384826.913
Belgium,1992,1424061.297
Belgium,1993,1389165.605
Belgium,1994,1496385.664
Belgium,1995,1543084.656
Belgium,1996,1635820.612
Belgium,1997,1624995.739
Belgium,1998,1664443.789
Belgium,1999,1664652.519
Belgium,2000,1709083.236
Belgium,2001,1745061.377
Belgium,2002,1671558.6
Belgium,2003,1744525.835
Belgium,2004,1763509.577
Belgium,2005,1742655.551
Belgium,2006,1686734.906
Belgium,2007,1624668.923
Belgium,2008,1745739.059
Belgium,2009,1665818.182
Belgium,2010,1799629.64
Belgium,2011,1658708.863
Belgium,2012,1640184.535
Belgium,2013,1731727.22
Belgium,2014,1663322.102
Belgium,2015,1715533.091
Belgium,2016,1713328.045
Belgium,2017,1702959.785
Belgium,2018,1721721.123
Belgium,2019,1679663.128
Belgium,2020,1601042.723
Belgium,2021,1715375.374
Belgium,2022,1553137.949
Belgium,2023,1530648.748
Bosnia and Herzegovina,1990,:
Bosnia and Herzegovina,1991,:
Bosnia and Herzegovina,1992,:
Bosnia and Herzegovina,1993,:
Bosnia and Herzegovina,1994,:
Bosnia and Herzegovina,1995,:
Bosnia and Herzegovina,1996,:
Bosnia and Herzegovina,1997,:
Bosnia and Herzegovina,1998,:
Bosnia and Herzegovina,1999,:
Bosnia and Herzegovina,2000,:
Bosnia and Herzegovina,2001,:
Bosnia and Herzegovina,2002,:
Bosnia and Herzegovina,2003,:
Bosnia and Herzegovina,2004,:
Bosnia and Herzegovina,2005,:
Bosnia and Herzegovina,2006,:
Bosnia and Herzegovina,2007,:
Bosnia and Herzegovina,2008,:
Bosnia and Herzegovina,2009,:
Bosnia and Herzegovina,2010,:
Bosnia and Herzegovina,2011,:
Bosnia and Herzegovina,2012,:
Bosnia and Herzegovina,2013,:
Bosnia and Herzegovina,2014,136388.708
Bosnia and Herzegovina,2015,145608.7
Bosnia and Herzegovina,2016,151675.421
Bosnia and Herzegovina,2017,149265.553
Bosnia and Herzegovina,2018,180511.565
Bosnia and Herzegovina,2019,179794.802
Bosnia and Herzegovina,2020,172898.009
Bosnia and Herzegovina,2021,184074.917
Bosnia and Herzegovina,2022,183584.644
Bosnia and Herzegovina,2023,:
Bulgaria,1990,731675.305
Bulgaria,1991,543855.748
Bulgaria,1992,455312.319
Bulgaria,1993,469546.954
Bulgaria,1994,468330.099
Bulgaria,1995,506510.45
Bulgaria,1996,522055.549
Bulgaria,1997,442891.726
Bulgaria,1998,423026.599
Bulgaria,1999,386246.92
Bulgaria,2000,403636.394
Bulgaria,2001,396029.498
Bulgaria,2002,384654.5
Bulgaria,2003,415885.628
Bulgaria,2004,418020.123
Bulgaria,2005,440187.582
Bulgaria,2006,457528.988
Bulgaria,2007,449570.337
Bulgaria,2008,449670.87
Bulgaria,2009,386391.505
Bulgaria,2010,386815.725
Bulgaria,2011,404851.73
Bulgaria,2012,401900.585
Bulgaria,2013,384056.239
Bulgaria,2014,397545.972
Bulgaria,2015,421407.698
Bulgaria,2016,420350.04
Bulgaria,2017,429978.349
Bulgaria,2018,434669.565
Bulgaria,2019,425017.029
Bulgaria,2020,426350.009
Bulgaria,2021,453148.681
Bulgaria,2022,429753.452
Bulgaria,2023,414632.296
Croatia,1990,295397.248
Croatia,1991,263691.483
Croatia,1992,234326.914
Croatia,1993,234771.978
Croatia,1994,236372.081
Croatia,1995,244498.002
Croatia,1996,266758.635
Croatia,1997,274796.408
Croatia,1998,273720.407
Croatia,1999,283200.063
Croatia,2000,275476.504
Croatia,2001,284422.886
Croatia,2002,287523.262
Croatia,2003,310738.446
Croatia,2004,319753.949
Croatia,2005,328325.915
Croatia,2006,327999.422
Croatia,2007,331533.45
Croatia,2008,335902.998
Croatia,2009,322529.469
Croatia,2010,323537.857
Croatia,2011,312901.33
Croatia,2012,296963.191
Croatia,2013,293388.9
Croatia,2014,279341.922
Croatia,2015,293769.882
Croatia,2016,295149.344
Croatia,2017,306827.854
Croatia,2018,300160.28
Croatia,2019,305208.817
Croatia,2020,291589.593
Croatia,2021,305677.576
Croatia,2022,289396.609
Croatia,2023,302351.923
Cyprus,1990,40464.024
Cyprus,1991,40711.346
Cyprus,1992,45571.672
Cyprus,1993,49406.85
Cyprus,1994,58189.719
Cyprus,1995,50414.48
Cyprus,1996,57286.683
Cyprus,1997,53953.848
Cyprus,1998,57173.156
Cyprus,1999,55759.626
Cyprus,2000,61342.606
Cyprus,2001,62103.661
Cyprus,2002,62440.959
Cyprus,2003,64754.094
Cyprus,2004,62358.598
Cyprus,2005,62472.801
Cyprus,2006,66035.211
Cyprus,2007,69827.045
Cyprus,2008,75075.635
Cyprus,2009,72527.284
Cyprus,2010,70924.23
Cyprus,2011,68096.101
Cyprus,2012,63629.575
Cyprus,2013,58030.365
Cyprus,2014,59052.391
Cyprus,2015,60198.509
Cyprus,2016,63353.928
Cyprus,2017,66579.944
Cyprus,2018,68424.286
Cyprus,2019,69631.937
Cyprus,2020,65663.761
Cyprus,2021,67939.456
Cyprus,2022,69900.193
Cyprus,2023,70455.689
Czechia,1990,1452279.092
Czechia,1991,1291225.652
Czechia,1992,1232766.69
Czechia,1993,1173080.364
Czechia,1994,1102240.524
Czechia,1995,1121127.799
Czechia,1996,1140822.559
Czechia,1997,1195502.673
Czechia,1998,1141131.617
Czechia,1999,1064133.213
Czechia,2000,1106020.648
Czechia,2001,1127863.83
Czechia,2002,1122715.157
Czechia,2003,1151788.325
Czechia,2004,1184085.546
Czechia,2005,1180393.506
Czechia,2006,1195511.003
Czechia,2007,1181253.012
Czechia,2008,1171265.826
Czechia,2009,1094427.967
Czechia,2010,1161663.962
Czechia,2011,1082252.559
Czechia,2012,1079278.085
Czechia,2013,1108487.45
Czechia,2014,1056611.005
Czechia,2015,1084674.217
Czechia,2016,1083604.53
Czechia,2017,1144909.349
Czechia,2018,1137274.941
Czechia,2019,1136758.298
Czechia,2020,1093277.499
Czechia,2021,1182767.738
Czechia,2022,1138100.282
Czechia,2023,1059332.179
Denmark,1990,553463.344
Denmark,1991,581596.603
Denmark,1992,574901.062
Denmark,1993,594560.638
Denmark,1994,597102.238
Denmark,1995,606415.992
Denmark,1996,631391.29
Denmark,1997,619363.543
Denmark,1998,626798.381
Denmark,1999,608797.079
Denmark,2000,599659.833
Denmark,2001,616809.181
Denmark,2002,605229.307
Denmark,2003,614589.726
Denmark,2004,622263.326
Denmark,2005,614387.831
Denmark,2006,626843.137
Denmark,2007,630274.65
Denmark,2008,611227.717
Denmark,2009,590212.126
Denmark,2010,626830.481
Denmark,2011,598898.482
Denmark,2012,589554.113
Denmark,2013,583931.729
Denmark,2014,557431.095
Denmark,2015,574439.964
Denmark,2016,591872.218
Denmark,2017,602620.395
Denmark,2018,603689.524
Denmark,2019,597860.838
Denmark,2020,567785.426
Denmark,2021,586516.324
Denmark,2022,551997.012
Denmark,2023,544765.422
Estonia,1990,280437.507
Estonia,1991,271324.529
Estonia,1992,149216.33
Estonia,1993,128308.021
Estonia,1994,143008.619
Estonia,1995,126857.857
Estonia,1996,132117.289
Estonia,1997,128563.659
Estonia,1998,121305.8
Estonia,1999,115123.321
Estonia,2000,105536.14
Estonia,2001,118174.988
Estonia,2002,107053.685
Estonia,2003,109929.638
Estonia,2004,127315.04
Estonia,2005,133054.344
Estonia,2006,137238.559
Estonia,2007,155136.219
Estonia,2008,134884.782
Estonia,2009,100948.824
Estonia,2010,131356.048
Estonia,2011,123556.571
Estonia,2012,111962.809
Estonia,2013,126020.453
Estonia,2014,117834.205
Estonia,2015,102650.82
Estonia,2016,139894.865
Estonia,2017,127853.353
Estonia,2018,124062.421
Estonia,2019,124141.935
Estonia,2020,123753.952
Estonia,2021,123487.545
Estonia,2022,119775.382
Estonia,2023,109933.245
European Union - 27 countries (from 2020),1990,42013178.629
European Union - 27 countries (from 2020),1991,41763118.959
European Union - 27 countries (from 2020),1992,40431452.866
European Union - 27 countries (from 2020),1993,40525931.087
European Union - 27 countries (from 2020),1994,40007865.56
European Union - 27 countries (from 2020),1995,41272303.679
European Union - 27 countries (from 2020),1996,42877467.689
European Union - 27 countries (from 2020),1997,42715380.907
European Union - 27 countries (from 2020),1998,43100264.936
European Union - 27 countries (from 2020),1999,42645632.188
European Union - 27 countries (from 2020),2000,42805777.319
European Union - 27 countries (from 2020),2001,44184672.285
European Union - 27 countries (from 2020),2002,43928852.757
European Union - 27 countries (from 2020),2003,44824491.649
European Union - 27 countries (from 2020),2004,45357872.848
European Union - 27 countries (from 2020),2005,45697943.991
European Union - 27 countries (from 2020),2006,45893060.07
European Union - 27 countries (from 2020),2007,45026901.382
European Union - 27 countries (from 2020),2008,45349636.777
European Union - 27 countries (from 2020),2009,43133230.304
European Union - 27 countries (from 2020),2010,44958582.724
European Union - 27 countries (from 2020),2011,43319089.954
European Union - 27 countries (from 2020),2012,42728015.44
European Union - 27 countries (from 2020),2013,42790744.45
European Union - 27 countries (from 2020),2014,40957134.021
European Union - 27 countries (from 2020),2015,41674641.046
European Union - 27 countries (from 2020),2016,42489053.883
European Union - 27 countries (from 2020),2017,43590991.712
European Union - 27 countries (from 2020),2018,43551968.23
European Union - 27 countries (from 2020),2019,43283813.132
European Union - 27 countries (from 2020),2020,40868937.731
European Union - 27 countries (from 2020),2021,43132728.506
European Union - 27 countries (from 2020),2022,40833407.622
European Union - 27 countries (from 2020),2023,39543331.792
Finland,1990,906183.849
Finland,1991,920885.242
Finland,1992,875445.926
Finland,1993,907902.266
Finland,1994,956832.006
Finland,1995,891302.891
Finland,1996,950204.38
Finland,1997,1001141.033
Finland,1998,1038610.051
Finland,1999,1026372.061
Finland,2000,993550.881
Finland,2001,990921.433
Finland,2002,1053705.974
Finland,2003,1073730.007
Finland,2004,1104302.958
Finland,2005,1057772.358
Finland,2006,1106202.255
Finland,2007,1104356.542
Finland,2008,1077244.929
Finland,2009,1005220.66
Finland,2010,1101421.474
Finland,2011,1066313.93
Finland,2012,1052998.938
Finland,2013,1009054.692
Finland,2014,1053730.005
Finland,2015,1007238.087
Finland,2016,1052639.964
Finland,2017,1087108.566
Finland,2018,1103539.623
Finland,2019,1076679.068
Finland,2020,1034304.128
Finland,2021,1076010.626
Finland,2022,1016740.259
Finland,2023,1009616.749
France,1990,6098119.087
France,1991,6414434.13
France,1992,6272751.24
France,1993,6319319.665
France,1994,6000279.523
France,1995,6201186.865
France,1996,6600843.43
France,1997,6349906.653
France,1998,6574039.994
France,1999,6554489.607
France,2000,6554488.456
France,2001,6965393.896
France,2002,6848679.786
France,2003,6946263.556
France,2004,7050922.401
France,2005,6989384.608
France,2006,6883795.269
France,2007,6770039.504
France,2008,6844172.931
France,2009,6585922.196
France,2010,6762051.098
France,2011,6609041.272
France,2012,6767526.177
France,2013,6864110.112
France,2014,6444190.58
France,2015,6590510.035
France,2016,6635784.45
France,2017,6620585.154
France,2018,6518070.622
France,2019,6510377.448
France,2020,5909246.936
France,2021,6364001.882
France,2022,5993274.174
France,2023,5875412.76
Georgia,1990,:
Georgia,1991,:
Georgia,1992,:
Georgia,1993,:
Georgia,1994,:
Georgia,1995,:
Georgia,1996,:
Georgia,1997,:
Georgia,1998,:
Georgia,1999,:
Georgia,2000,:
Georgia,2001,:
Georgia,2002,:
Georgia,2003,:
Georgia,2004,:
Georgia,2005,:
Georgia,2006,:
Georgia,2007,:
Georgia,2008,:
Georgia,2009,:
Georgia,2010,:
Georgia,2011,:
Georgia,2012,:
Georgia,2013,156152.043
Georgia,2014,166688.581
Georgia,2015,174278.297
Georgia,2016,184218.865
Georgia,2017,186816.368
Georgia,2018,184815.444
Georgia,2019,192245.328
Georgia,2020,187844.288
Georgia,2021,205040.885
Georgia,2022,216959.281
Georgia,2023,:
Germany,1990,10093677.381
Germany,1991,9880580.641
Germany,1992,9708891.25
Germany,1993,9705868.264
Germany,1994,9603082.031
Germany,1995,9822714.33
Germany,1996,10214886.796
Germany,1997,10120896.601
Germany,1998,10106296.532
Germany,1999,9833598.985
Germany,2000,9830240.103
Germany,2001,10126964.522
Germany,2002,9877012.992
Germany,2003,9820440.439
Germany,2004,9916364.627
Germany,2005,9878380.239
Germany,2006,10199809.712
Germany,2007,9509949.555
Germany,2008,9780949.061
Germany,2009,9234364.087
Germany,2010,9760756.619
Germany,2011,9298168.887
Germany,2012,9313643.364
Germany,2013,9644447.676
Germany,2014,9167708.71
Germany,2015,9245656.168
Germany,2016,9356873.449
Germany,2017,9574068.567
Germany,2018,9380986.058
Germany,2019,9439598.428
Germany,2020,8980327.11
Germany,2021,9175994.528
Germany,2022,8823532.211
Germany,2023,8201032.423
Greece,1990,599983.989
Greece,1991,620638.683
Greece,1992,633156.171
Greece,1993,622520.375
Greece,1994,652016.946
Greece,1995,654744.678
Greece,1996,691032.656
Greece,1997,711224.08
Greece,1998,750507.245
Greece,1999,745194.402
Greece,2000,772907.401
Greece,2001,802418.944
Greece,2002,819542.23
Greece,2003,850315.661
Greece,2004,859316.326
Greece,2005,871874.22
Greece,2006,878767.188
Greece,2007,847562.794
Greece,2008,878236.375
Greece,2009,853172.749
Greece,2010,802365.83
Greece,2011,764944.361
Greece,2012,745248.609
Greece,2013,631802.946
Greece,2014,657077.022
Greece,2015,692754.727
Greece,2016,706369.558
Greece,2017,698196.609
Greece,2018,661399.31
Greece,2019,686796.407
Greece,2020,608999.671
Greece,2021,627607.039
Greece,2022,653402.935
Greece,2023,634716.798
Hungary,1990,859071.904
Hungary,1991,812426.563
Hungary,1992,706025.714
Hungary,1993,739755.099
Hungary,1994,720086.581
Hungary,1995,735132.945
Hungary,1996,764872.632
Hungary,1997,744627.168
Hungary,1998,734756.922
Hungary,1999,720628.889
Hungary,2000,720754.351
Hungary,2001,745141.242
Hungary,2002,758349.593
Hungary,2003,787356.948
Hungary,2004,782046.701
Hungary,2005,851242.452
Hungary,2006,840261.059
Hungary,2007,799963.726
Hungary,2008,791217.947
Hungary,2009,771442.804
Hungary,2010,789667.442
Hungary,2011,778755.727
Hungary,2012,744614.03
Hungary,2013,734885.954
Hungary,2014,723364.705
Hungary,2015,776110.299
Hungary,2016,791274.915
Hungary,2017,828597.473
Hungary,2018,831431.609
Hungary,2019,834915.053
Hungary,2020,824079.309
Hungary,2021,886567.321
Hungary,2022,825794.286
Hungary,2023,780242.494
Iceland,1990,61054.04
Iceland,1991,57438.15
Iceland,1992,59591.16
Iceland,1993,62230.6
Iceland,1994,63620.22
Iceland,1995,63163.01
Iceland,1996,66081.27
Iceland,1997,66822.19
Iceland,1998,70295.9
Iceland,1999,74402.29
Iceland,2000,78663.74
Iceland,2001,79812.24
Iceland,2002,82953.36
Iceland,2003,82371.96
Iceland,2004,85227.479
Iceland,2005,85813.053
Iceland,2006,92876.37
Iceland,2007,100006.463
Iceland,2008,121606.393
Iceland,2009,121318.302
Iceland,2010,106116.951
Iceland,2011,105955.581
Iceland,2012,109430.359
Iceland,2013,113933.6
Iceland,2014,113775.008
Iceland,2015,119998.878
Iceland,2016,122982.793
Iceland,2017,127478.619
Iceland,2018,132691.811
Iceland,2019,129478.892
Iceland,2020,127221.258
Iceland,2021,127617.515
Iceland,2022,136733.956
Iceland,2023,134908.332
Ireland,1990,317793.799
Ireland,1991,319840.066
Ireland,1992,313561.164
Ireland,1993,314935.859
Ireland,1994,331084.147
Ireland,1995,320515.203
Ireland,1996,351930.701
Ireland,1997,379044.092
Ireland,1998,399509.412
Ireland,1999,410305.518
Ireland,2000,434029.011
Ireland,2001,447573.761
Ireland,2002,461223.56
Ireland,2003,439901.093
Ireland,2004,459613.517
Ireland,2005,466962.541
Ireland,2006,480728.508
Ireland,2007,492719.08
Ireland,2008,495435.251
Ireland,2009,488283.847
Ireland,2010,472517.789
Ireland,2011,439820.457
Ireland,2012,444242.633
Ireland,2013,420715.971
Ireland,2014,423727.091
Ireland,2015,450900.97
Ireland,2016,473329.881
Ireland,2017,468504.339
Ireland,2018,476233.765
Ireland,2019,484062.602
Ireland,2020,465758.829
Ireland,2021,475213.743
Ireland,2022,469436.668
Ireland,2023,469122.627
Italy,1990,4818785.167
Italy,1991,4911595.591
Italy,1992,4874379.554
Italy,1993,4897245.33
Italy,1994,4836526.024
Italy,1995,5058204.384
Italy,1996,5111585.999
Italy,1997,5157765.88
Italy,1998,5282558.374
Italy,1999,5377173.902
Italy,2000,5391135.755
Italy,2001,5506492.684
Italy,2002,5492842.44
Italy,2003,5738863.946
Italy,2004,5659557.901
Italy,2005,5844418.405
Italy,2006,5729079.379
Italy,2007,5717202.309
Italy,2008,5731042.593
Italy,2009,5477244.919
Italy,2010,5515175.383
Italy,2011,5259116.798
Italy,2012,5102456.081
Italy,2013,5053447.798
Italy,2014,4771188.918
Italy,2015,4924886.078
Italy,2016,4888265.607
Italy,2017,5073304.779
Italy,2018,5016970.614
Italy,2019,4968169.296
Italy,2020,4575241.324
Italy,2021,5038907.813
Italy,2022,4689956.827
Italy,2023,4627677.871
Kosovo*,1990,:
Kosovo*,1991,:
Kosovo*,1992,:
Kosovo*,1993,:
Kosovo*,1994,:
Kosovo*,1995,:
Kosovo*,1996,:
Kosovo*,1997,:
Kosovo*,1998,:
Kosovo*,1999,:
Kosovo*,2000,32166.318
Kosovo*,2001,38370.92
Kosovo*,2002,38314.52
Kosovo*,2003,39620.637
Kosovo*,2004,39171.653
Kosovo*,2005,41244.873
Kosovo*,2006,42542.367
Kosovo*,2007,44479.734
Kosovo*,2008,48959.338
Kosovo*,2009,49367.382
Kosovo*,2010,50098.971
Kosovo*,2011,55309.959
Kosovo*,2012,52703.654
Kosovo*,2013,50127.566
Kosovo*,2014,52391.015
Kosovo*,2015,57850.997
Kosovo*,2016,61753.682
Kosovo*,2017,65620.066
Kosovo*,2018,63275.513
Kosovo*,2019,65705.421
Kosovo*,2020,66230.547
Kosovo*,2021,74537.564
Kosovo*,2022,65966.655
Kosovo*,2023,:
Latvia,1990,268825.78
Latvia,1991,258307.39
Latvia,1992,216017.54
Latvia,1993,187409.32
Latvia,1994,172731.715
Latvia,1995,164509.775
Latvia,1996,159615.754
Latvia,1997,156865.9
Latvia,1998,152350.526
Latvia,1999,138345.672
Latvia,2000,136302.288
Latvia,2001,149031.788
Latvia,2002,149190.748
Latvia,2003,159508.393
Latvia,2004,164078.568
Latvia,2005,169538.436
Latvia,2006,177816.808
Latvia,2007,183713.066
Latvia,2008,174813.314
Latvia,2009,167939.736
Latvia,2010,169783.736
Latvia,2011,160236.074
Latvia,2012,167208.537
Latvia,2013,160705.098
Latvia,2014,162383.13
Latvia,2015,158506.248
Latvia,2016,158430.473
Latvia,2017,165361.345
Latvia,2018,171950.935
Latvia,2019,166125.278
Latvia,2020,162221.835
Latvia,2021,170269.621
Latvia,2022,162343.337
Latvia,2023,161400.773
Lithuania,1990,435624.09
Lithuania,1991,462057.44
Lithuania,1992,280419.94
Lithuania,1993,212990.33
Lithuania,1994,213556.13
Lithuania,1995,212805.51
Lithuania,1996,213445.96
Lithuania,1997,212474.73
Lithuania,1998,211505.43
Lithuania,1999,194737.21
Lithuania,2000,178018.46
Lithuania,2001,193502.24
Lithuania,2002,199925.705
Lithuania,2003,205799.81
Lithuania,2004,212486.16
Lithuania,2005,223777.395
Lithuania,2006,236247.495
Lithuania,2007,266550.825
Lithuania,2008,258776.4
Lithuania,2009,221013.465
Lithuania,2010,226906.62
Lithuania,2011,246193.42
Lithuania,2012,251126.824
Lithuania,2013,237026.2
Lithuania,2014,243162.271
Lithuania,2015,246833.65
Lithuania,2016,253206.111
Lithuania,2017,269383.222
Lithuania,2018,276165.381
Lithuania,2019,278253.724
Lithuania,2020,269200.773
Lithuania,2021,279681.793
Lithuania,2022,251855.466
Lithuania,2023,251018.205
Luxembourg,1990,115920.819
Luxembourg,1991,125011.089
Luxembourg,1992,126449.803
Luxembourg,1993,129431.958
Luxembourg,1994,126952.595
Luxembourg,1995,116991.702
Luxembourg,1996,120426.896
Luxembourg,1997,121240.347
Luxembourg,1998,121279.597
Luxembourg,1999,126729.927
Luxembourg,2000,135850.985
Luxembourg,2001,141627.797
Luxembourg,2002,141515.733
Luxembourg,2003,151330.952
Luxembourg,2004,167853.309
Luxembourg,2005,171483.426
Luxembourg,2006,168841.38
Luxembourg,2007,164621.947
Luxembourg,2008,166150.174
Luxembourg,2009,154366.817
Luxembourg,2010,164438.717
Luxembourg,2011,164370.007
Luxembourg,2012,160687.458
Luxembourg,2013,158618.302
Luxembourg,2014,152055.843
Luxembourg,2015,149332.372
Luxembourg,2016,149403.63
Luxembourg,2017,152458.913
Luxembourg,2018,158115.661
Luxembourg,2019,160396.581
Luxembourg,2020,138065.61
Luxembourg,2021,145291.178
Luxembourg,2022,127759.533
Luxembourg,2023,123490.313
Malta,1990,11247
Malta,1991,13129.3
Malta,1992,13673
Malta,1993,14688.9
Malta,1994,14490.9
Malta,1995,14180
Malta,1996,12984.3
Malta,1997,17178.1
Malta,1998,13073.4
Malta,1999,15146.9
Malta,2000,13369.9
Malta,2001,12941.9
Malta,2002,11522
Malta,2003,13261.3
Malta,2004,14672.7
Malta,2005,16577.2
Malta,2006,16303.4
Malta,2007,16599.4
Malta,2008,17696.6
Malta,2009,15577.2
Malta,2010,17383.588
Malta,2011,16717.155
Malta,2012,17581.738
Malta,2013,17930.563
Malta,2014,18615.93
Malta,2015,19291.213
Malta,2016,19300.928
Malta,2017,21044.351
Malta,2018,22039.795
Malta,2019,23499.093
Malta,2020,21198.117
Malta,2021,22657.966
Malta,2022,25276.181
Malta,2023,25286.919
Moldova,1990,:
Moldova,1991,:
Moldova,1992,:
Moldova,1993,:
Moldova,1994,:
Moldova,1995,:
Moldova,1996,:
Moldova,1997,:
Moldova,1998,:
Moldova,1999,:
Moldova,2000,:
Moldova,2001,:
Moldova,2002,:
Moldova,2003,:
Moldova,2004,:
Moldova,2005,:
Moldova,2006,:
Moldova,2007,:
Moldova,2008,:
Moldova,2009,:
Moldova,2010,96231.599
Moldova,2011,99091.444
Moldova,2012,96924.741
Moldova,2013,97908.188
Moldova,2014,98143.55
Moldova,2015,100211.777
Moldova,2016,104436.383
Moldova,2017,109948.719
Moldova,2018,115108.043
Moldova,2019,110422.277
Moldova,2020,106908.047
Moldova,2021,118138.557
Moldova,2022,104441.429
Moldova,2023,99788.975
Montenegro,1990,:
Montenegro,1991,:
Montenegro,1992,:
Montenegro,1993,:
Montenegro,1994,:
Montenegro,1995,:
Montenegro,1996,:
Montenegro,1997,:
Montenegro,1998,:
Montenegro,1999,:
Montenegro,2000,:
Montenegro,2001,:
Montenegro,2002,:
Montenegro,2003,:
Montenegro,2004,:
Montenegro,2005,32217.251
Montenegro,2006,35800.41
Montenegro,2007,37675.247
Montenegro,2008,37292.652
Montenegro,2009,31825.274
Montenegro,2010,31592.85
Montenegro,2011,31819.051
Montenegro,2012,30523.873
Montenegro,2013,27877.125
Montenegro,2014,27468.37
Montenegro,2015,29366.66
Montenegro,2016,30515.518
Montenegro,2017,32427.289
Montenegro,2018,32623.147
Montenegro,2019,33568.381
Montenegro,2020,30361.646
Montenegro,2021,34445.701
Montenegro,2022,32424.984
Montenegro,2023,32764.148
Netherlands,1990,2183062.266
Netherlands,1991,2267518.404
Netherlands,1992,2237114.021
Netherlands,1993,2284416.535
Netherlands,1994,2296080.421
Netherlands,1995,2367852.759
Netherlands,1996,2509083.24
Netherlands,1997,2421230.853
Netherlands,1998,2428012.773
Netherlands,1999,2426486.462
Netherlands,2000,2450832.794
Netherlands,2001,2491136.677
Netherlands,2002,2522563.109
Netherlands,2003,2619916.577
Netherlands,2004,2631524.044
Netherlands,2005,2587236.855
Netherlands,2006,2596575.849
Netherlands,2007,2553627.899
Netherlands,2008,2539394.386
Netherlands,2009,2492571.962
Netherlands,2010,2701663.44
Netherlands,2011,2494157.342
Netherlands,2012,2515075.557
Netherlands,2013,2484610.333
Netherlands,2014,2281518.754
Netherlands,2015,2308969.595
Netherlands,2016,2381416.903
Netherlands,2017,2438935.479
Netherlands,2018,2423783.47
Netherlands,2019,2355552.26
Netherlands,2020,2312576.751
Netherlands,2021,2362509.947
Netherlands,2022,2070314.144
Netherlands,2023,2046739.215
North Macedonia,1990,64396.843
North Macedonia,1991,61015.805
North Macedonia,1992,69227.583
North Macedonia,1993,70413.475
North Macedonia,1994,63568.715
North Macedonia,1995,62344.058
North Macedonia,1996,76289.07
North Macedonia,1997,70317.026
North Macedonia,1998,68532.634
North Macedonia,1999,67941.325
North Macedonia,2000,66128.392
North Macedonia,2001,59146.399
North Macedonia,2002,62626.797
North Macedonia,2003,69115.229
North Macedonia,2004,68557.367
North Macedonia,2005,74769.981
North Macedonia,2006,74579.035
North Macedonia,2007,79258.192
North Macedonia,2008,76062.945
North Macedonia,2009,71451.352
North Macedonia,2010,76750.659
North Macedonia,2011,81692.183
North Macedonia,2012,79884.981
North Macedonia,2013,78164.174
North Macedonia,2014,77562.953
North Macedonia,2015,78557.637
North Macedonia,2016,83380.845
North Macedonia,2017,81803.494
North Macedonia,2018,77837.583
North Macedonia,2019,84189.849
North Macedonia,2020,78350.99
North Macedonia,2021,83608.681
North Macedonia,2022,76825.421
North Macedonia,2023,76434.276
Norway,1990,725853.86
Norway,1991,762384.782
Norway,1992,716898.742
Norway,1993,750099.464
Norway,1994,721030.862
Norway,1995,758963.543
Norway,1996,748696.294
Norway,1997,764818.379
Norway,1998,789157.071
Norway,1999,820251.857
Norway,2000,877019.061
Norway,2001,906186.336
Norway,2002,840859.448
Norway,2003,916552.317
Norway,2004,974646.675
Norway,2005,1001259.394
Norway,2006,1008972.189
Norway,2007,927915.594
Norway,2008,1020651.48
Norway,2009,1002604.182
Norway,2010,1060430.031
Norway,2011,894358.724
Norway,2012,966779.192
Norway,2013,1034821.764
Norway,2014,934190.736
Norway,2015,807345.66
Norway,2016,914583.061
Norway,2017,946907.135
Norway,2018,973149.975
Norway,2019,908157.851
Norway,2020,908871.234
Norway,2021,950622.691
Norway,2022,832499.713
Norway,2023,903491.565
Poland,1990,2745561.474
Poland,1991,2710268.018
Poland,1992,2625706.692
Poland,1993,2800101.62
Poland,1994,2557301.948
Poland,1995,2729278.175
Poland,1996,2849478.334
Poland,1997,2858040.325
Poland,1998,2637613.914
Poland,1999,2582873.851
Poland,2000,2391849.209
Poland,2001,2453387.582
Poland,2002,2451029.111
Poland,2003,2509797.537
Poland,2004,2521908.066
Poland,2005,2583268.814
Poland,2006,2730222.505
Poland,2007,2716561.647
Poland,2008,2792227.677
Poland,2009,2709364.691
Poland,2010,2946661.285
Poland,2011,2912553.512
Poland,2012,2745513.421
Poland,2013,2817196.383
Poland,2014,2704447.284
Poland,2015,2728507.1
Poland,2016,2949541.563
Poland,2017,3130798.262
Poland,2018,3341788.527
Poland,2019,3254684.796
Poland,2020,3228457.12
Poland,2021,3369949.928
Poland,2022,3197589.127
Poland,2023,3046729.387
Portugal,1990,587198.679
Portugal,1991,567275.409
Portugal,1992,594250.053
Portugal,1993,592899.567
Portugal,1994,618450.172
Portugal,1995,642062.759
Portugal,1996,670554.121
Portugal,1997,707112.596
Portugal,1998,765428.093
Portugal,1999,788334.061
Portugal,2000,818074.952
Portugal,2001,830690.237
Portugal,2002,856992.559
Portugal,2003,852225.247
Portugal,2004,876856.48
Portugal,2005,876776.578
Portugal,2006,844667.465
Portugal,2007,860506.45
Portugal,2008,821395.717
Portugal,2009,798978.37
Portugal,2010,794676.354
Portugal,2011,760263.388
Portugal,2012,688842.195
Portugal,2013,682102.74
Portugal,2014,703052.787
Portugal,2015,705526.571
Portugal,2016,700324.219
Portugal,2017,712041.441
Portugal,2018,708994.258
Portugal,2019,736204.476
Portugal,2020,686397.739
Portugal,2021,709304.407
Portugal,2022,718705.831
Portugal,2023,711305.978
Romania,1990,1841092.671
Romania,1991,1491341.697
Romania,1992,1205794.485
Romania,1993,1174528.262
Romania,1994,1092775.594
Romania,1995,1209827.215
Romania,1996,1257877.901
Romania,1997,1188524.115
Romania,1998,1137045.286
Romania,1999,1007993.689
Romania,2000,1009853.033
Romania,2001,1030507.865
Romania,2002,1027005.529
Romania,2003,1055622.639
Romania,2004,1058245.193
Romania,2005,1086801.697
Romania,2006,1108177.081
Romania,2007,1100439.539
Romania,2008,1090571.205
Romania,2009,1008170.229
Romania,2010,1038172.609
Romania,2011,1047106.87
Romania,2012,1005595.101
Romania,2013,950483.727
Romania,2014,944323.935
Romania,2015,955016.488
Romania,2016,967777.22
Romania,2017,1020590.647
Romania,2018,1042458.954
Romania,2019,1049653.416
Romania,2020,1050363.674
Romania,2021,1119632.063
Romania,2022,1036352.312
Romania,2023,1015129.296
Serbia,1990,503468.235
Serbia,1991,416227.616
Serbia,1992,345297.61
Serbia,1993,282785.319
Serbia,1994,270613.023
Serbia,1995,260107.132
Serbia,1996,378994.711
Serbia,1997,398673.387
Serbia,1998,404823.863
Serbia,1999,288679.005
Serbia,2000,302230.94
Serbia,2001,348614.461
Serbia,2002,377239.107
Serbia,2003,399813.05
Serbia,2004,450888.373
Serbia,2005,402984.871
Serbia,2006,424042.716
Serbia,2007,457998.334
Serbia,2008,450421.388
Serbia,2009,384032.91
Serbia,2010,399962.199
Serbia,2011,416155.231
Serbia,2012,364896.605
Serbia,2013,367003.304
Serbia,2014,343154.502
Serbia,2015,355540.686
Serbia,2016,379760.864
Serbia,2017,384873.527
Serbia,2018,384360.01
Serbia,2019,379633.558
Serbia,2020,401825.054
Serbia,2021,416448.72
Serbia,2022,423143.916
Serbia,2023,413087.554
Slovakia,1990,634883.751
Slovakia,1991,547416.61
Slovakia,1992,519997.216
Slovakia,1993,479331.089
Slovakia,1994,463827.988
Slovakia,1995,467604.138
Slovakia,1996,493640.852
Slovakia,1997,499944.79
Slovakia,1998,497404.966
Slovakia,1999,484002.348
Slovakia,2000,489043.453
Slovakia,2001,487457.345
Slovakia,2002,488649.846
Slovakia,2003,463996.604
Slovakia,2004,463840.542
Slovakia,2005,489287.623
Slovakia,2006,477662.848
Slovakia,2007,482950.009
Slovakia,2008,495805.713
Slovakia,2009,454989.717
Slovakia,2010,510247.65
Slovakia,2011,489035.43
Slovakia,2012,458376.165
Slovakia,2013,469080.703
Slovakia,2014,423087.161
Slovakia,2015,444242.065
Slovakia,2016,455765.934
Slovakia,2017,488701.312
Slovakia,2018,488909.791
Slovakia,2019,471885.425
Slovakia,2020,452914.592
Slovakia,2021,494354.297
Slovakia,2022,463183.111
Slovakia,2023,432558.307
Slovenia,1990,155892.581
Slovenia,1991,157096.321
Slovenia,1992,143090.535
Slovenia,1993,153277.305
Slovenia,1994,162513.278
Slovenia,1995,176076.8
Slovenia,1996,190208.631
Slovenia,1997,195485.998
Slovenia,1998,189633.227
Slovenia,1999,197918.945
Slovenia,2000,200537.787
Slovenia,2001,211743.659
Slovenia,2002,204740.501
Slovenia,2003,213945.759
Slovenia,2004,220497.848
Slovenia,2005,227883.969
Slovenia,2006,227673.309
Slovenia,2007,228473.341
Slovenia,2008,241969.4
Slovenia,2009,213336.871
Slovenia,2010,220881.308
Slovenia,2011,216438.175
Slovenia,2012,210972.068
Slovenia,2013,206432.369
Slovenia,2014,198646.309
Slovenia,2015,203124.654
Slovenia,2016,211071.096
Slovenia,2017,214254.322
Slovenia,2018,215374.388
Slovenia,2019,211849.773
Slovenia,2020,192729.874
Slovenia,2021,206496.613
Slovenia,2022,203966.333
Slovenia,2023,193281.878
Spain,1990,2549875.311
Spain,1991,2681489.733
Spain,1992,2668518.369
Spain,1993,2656498.322
Spain,1994,2808965.849
Spain,1995,2922285.8
Spain,1996,2888560.813
Spain,1997,3105344.967
Spain,1998,3299970.676
Spain,1999,3382990.952
Spain,2000,3575497.814
Spain,2001,3760070.431
Spain,2002,3792498.437
Spain,2003,3992203.171
Spain,2004,4166416.655
Spain,2005,4262296.079
Spain,2006,4159102.901
Spain,2007,4264445.815
Spain,2008,4117655.159
Spain,2009,3822101.542
Spain,2010,3828776.285
Spain,2011,3729576.049
Spain,2012,3560448.556
Spain,2013,3376094.055
Spain,2014,3240908.966
Spain,2015,3337424.726
Spain,2016,3439499.168
Spain,2017,3606389.423
Spain,2018,3683024.083
Spain,2019,3641677.147
Spain,2020,3288511.875
Spain,2021,3542616.185
Spain,2022,3472923.261
Spain,2023,3443773.026
Sweden,1990,1317228.239
Sweden,1991,1345061.461
Sweden,1992,1441160.22
Sweden,1993,1422579.109
Sweden,1994,1429250.185
Sweden,1995,1483568.456
Sweden,1996,1478183.324
Sweden,1997,1477167.468
Sweden,1998,1481486.079
Sweden,1999,1473562.242
Sweden,2000,1461520.37
Sweden,2001,1442051.231
Sweden,2002,1477891.44
Sweden,2003,1405782.833
Sweden,2004,1407727.676
Sweden,2005,1396729.744
Sweden,2006,1370585.467
Sweden,2007,1368187.194
Sweden,2008,1373766.961
Sweden,2009,1315873.897
Sweden,2010,1471648.013
Sweden,2011,1496551.33
Sweden,2012,1459643.512
Sweden,2013,1429694.734
Sweden,2014,1397342.97
Sweden,2015,1335040.762
Sweden,2016,1420410.201
Sweden,2017,1458824.55
Sweden,2018,1472934.84
Sweden,2019,1408629.047
Sweden,2020,1370372.2
Sweden,2021,1434823.565
Sweden,2022,1358040.799
Sweden,2023,1391635.276
Türkiye,1990,1677435.035
Türkiye,1991,1738641.962
Türkiye,1992,1787315.623
Türkiye,1993,1921018.523
Türkiye,1994,1813196.178
Türkiye,1995,1995508.612
Türkiye,1996,2181854.251
Türkiye,1997,2276577.211
Türkiye,1998,2257751.985
Türkiye,1999,2181735.692
Türkiye,2000,2461880.241
Türkiye,2001,2204244.381
Türkiye,2002,2409044.089
Türkiye,2003,2548441.281
Türkiye,2004,2658237.449
Türkiye,2005,2758553.591
Türkiye,2006,3044707.489
Türkiye,2007,3215540.322
Türkiye,2008,3055130.29
Türkiye,2009,3042070.096
Türkiye,2010,3271781.799
Türkiye,2011,3505176.951
Türkiye,2012,3687650.754
Türkiye,2013,3557890.206
Türkiye,2014,3618524.488
Türkiye,2015,3939908.598
Türkiye,2016,4134520.103
Türkiye,2017,4432223.826
Türkiye,2018,4338104.049
Türkiye,2019,4398183.45
Türkiye,2020,4478661.872
Türkiye,2021,4850381.695
Türkiye,2022,4723199.742
Türkiye,2023,4877366.561
Ukraine,1990,6182916.754
Ukraine,1991,6483941.558
Ukraine,1992,5630197.647
Ukraine,1993,4651563.769
Ukraine,1994,3967008.426
Ukraine,1995,3863145.308
Ukraine,1996,3705369.171
Ukraine,1997,3537489.396
Ukraine,1998,3220265.432
Ukraine,1999,3171812.733
Ukraine,2000,3036864.825
Ukraine,2001,3103736.59
Ukraine,2002,3143920.514
Ukraine,2003,2961280.803
Ukraine,2004,3285917.999
Ukraine,2005,3471545.319
Ukraine,2006,3327775.107
Ukraine,2007,3555654.552
Ukraine,2008,3483258.143
Ukraine,2009,2856969.864
Ukraine,2010,3497500.456
Ukraine,2011,3141460.229
Ukraine,2012,2990886.928
Ukraine,2013,2822837.309
Ukraine,2014,2624670.269
Ukraine,2015,2155699.392
Ukraine,2016,2205904.963
Ukraine,2017,2160715.969
Ukraine,2018,2212285.614
Ukraine,2019,2095942.875
Ukraine,2020,2048093.365
Ukraine,2021,:
Ukraine,2022,:
Ukraine,2023,:
United Kingdom,1990,5739635.909
United Kingdom,1991,6040909.676
United Kingdom,1992,5974458.67
United Kingdom,1993,6087923.99
United Kingdom,1994,6203366.279
United Kingdom,1995,6113053.612
United Kingdom,1996,6387301.085
United Kingdom,1997,6167752.164
United Kingdom,1998,6231496.211
United Kingdom,1999,6280754.07
United Kingdom,2000,6291361.978
United Kingdom,2001,6259007.844
United Kingdom,2002,6153457.531
United Kingdom,2003,6277104.119
United Kingdom,2004,6272090.116
United Kingdom,2005,6226694.786
United Kingdom,2006,6092375.634
United Kingdom,2007,5920136.289
United Kingdom,2008,5902997.171
United Kingdom,2009,5472198.803
United Kingdom,2010,5828837.615
United Kingdom,2011,5266749.389
United Kingdom,2012,5439670.501
United Kingdom,2013,5405702.407
United Kingdom,2014,5130261.611
United Kingdom,2015,5372348.114
United Kingdom,2016,5444122.478
United Kingdom,2017,5433647.571
United Kingdom,2018,5481129.155
United Kingdom,2019,5349418.348
United Kingdom,2020,:
United Kingdom,2021,:
United Kingdom,2022,:
United Kingdom,2023,:
