Country,Year,total_Investment,First_sector_Inv,Second_sector_Inv,Third_sector_Inv
Albania,1975,:,:,:,:
Albania,1976,:,:,:,:
Albania,1977,:,:,:,:
Albania,1978,:,:,:,:
Albania,1979,:,:,:,:
Albania,1980,:,:,:,:
Albania,1981,:,:,:,:
Albania,1982,:,:,:,:
Albania,1983,:,:,:,:
Albania,1984,:,:,:,:
Albania,1985,:,:,:,:
Albania,1986,:,:,:,:
Albania,1987,:,:,:,:
Albania,1988,:,:,:,:
Albania,1989,:,:,:,:
Albania,1990,:,:,:,:
Albania,1991,:,:,:,:
Albania,1992,:,:,:,:
Albania,1993,:,:,:,:
Albania,1994,:,:,:,:
Albania,1995,:,:,:,:
Albania,1996,:,:,:,:
Albania,1997,:,:,:,:
Albania,1998,:,:,:,:
Albania,1999,:,:,:,:
Albania,2000,:,:,:,:
Albania,2001,:,:,:,:
Albania,2002,:,:,:,:
Albania,2003,:,:,:,:
Albania,2004,:,:,:,:
Albania,2005,:,:,:,:
Albania,2006,:,:,:,:
Albania,2007,:,:,:,:
Albania,2008,:,:,:,:
Albania,2009,:,:,:,:
Albania,2010,:,:,:,:
Albania,2011,:,:,:,:
Albania,2012,:,:,:,:
Albania,2013,:,:,:,:
Albania,2014,:,:,:,:
Albania,2015,:,:,:,:
Albania,2016,:,:,:,:
Albania,2017,:,:,:,:
Albania,2018,:,:,:,:
Albania,2019,:,:,:,:
Albania,2020,:,:,:,:
Albania,2021,:,:,:,:
Albania,2022,:,:,:,:
Albania,2023,:,:,:,:
Austria,1975,:,:,:,:
Austria,1976,:,:,:,:
Austria,1977,:,:,:,:
Austria,1978,:,:,:,:
Austria,1979,:,:,:,:
Austria,1980,:,:,:,:
Austria,1981,:,:,:,:
Austria,1982,:,:,:,:
Austria,1983,:,:,:,:
Austria,1984,:,:,:,:
Austria,1985,:,:,:,:
Austria,1986,:,:,:,:
Austria,1987,:,:,:,:
Austria,1988,:,:,:,:
Austria,1989,:,:,:,:
Austria,1990,:,:,:,:
Austria,1991,:,:,:,:
Austria,1992,:,:,:,:
Austria,1993,:,:,:,:
Austria,1994,:,:,:,:
Austria,1995,67618.7,2359.7999999999997,14795.0,50463.899999999994
Austria,1996,69879.6,2571.1,15755.699999999999,51552.8
Austria,1997,70218.7,2852.5,16539.6,50826.6
Austria,1998,72571,2600.7000000000003,16308.9,53661.4
Austria,1999,73594.6,2659.9,15944.800000000001,54989.90000000001
Austria,2000,77639.8,2489.2,17133.8,58016.8
Austria,2001,76857.9,2555.2,17647.9,56654.799999999996
Austria,2002,74417.5,2402.5,16343.999999999998,55671.0
Austria,2003,77338.7,2348.0,16962.0,58028.7
Austria,2004,78226.6,2382.3999999999996,16461.600000000002,59382.600000000006
Austria,2005,78531.7,2517.0,17136.3,58878.399999999994
Austria,2006,79579,2402.6,18571.600000000002,58604.79999999999
Austria,2007,83163.1,2717.7,18604.0,61841.40000000001
Austria,2008,84635.5,2962.8,17910.9,63761.799999999996
Austria,2009,78665.9,2857.0,16425.800000000003,59383.09999999999
Austria,2010,76720.8,2828.2,16199.0,57693.600000000006
Austria,2011,81666.5,2907.2999999999997,17878.0,60881.2
Austria,2012,82708.1,2877.2999999999997,19946.199999999997,59884.600000000006
Austria,2013,83733.9,2909.5,20494.4,60329.99999999999
Austria,2014,83462.1,2566.7,19554.2,61341.20000000001
Austria,2015,85175.3,2441.2,19725.5,63008.600000000006
Austria,2016,89037.6,2283.3,20901.0,65853.3
Austria,2017,92750.6,2481.4,22612.6,67656.6
Austria,2018,96844.4,2675.5,23610.100000000002,70558.79999999999
Austria,2019,100966.8,2659.6,24593.600000000002,73713.59999999999
Austria,2020,95590.1,2680.1,21867.3,71042.7
Austria,2021,101311,3629.3,25160.899999999998,72520.8
Austria,2022,101687.3,2984.7,24742.899999999998,73959.70000000001
Austria,2023,98421.8,2933.7,23790.1,71698.0
Belgium,1975,:,:,:,:
Belgium,1976,:,:,:,:
Belgium,1977,:,:,:,:
Belgium,1978,:,:,:,:
Belgium,1979,:,:,:,:
Belgium,1980,:,:,:,:
Belgium,1981,:,:,:,:
Belgium,1982,:,:,:,:
Belgium,1983,:,:,:,:
Belgium,1984,:,:,:,:
Belgium,1985,:,:,:,:
Belgium,1986,:,:,:,:
Belgium,1987,:,:,:,:
Belgium,1988,:,:,:,:
Belgium,1989,:,:,:,:
Belgium,1990,:,:,:,:
Belgium,1991,:,:,:,:
Belgium,1992,:,:,:,:
Belgium,1993,:,:,:,:
Belgium,1994,:,:,:,:
Belgium,1995,65649.3,648.8000000000001,16725.5,48275.0
Belgium,1996,66012.5,949.8000000000001,17780.8,47281.899999999994
Belgium,1997,70434.9,684.9,18931.2,50818.8
Belgium,1998,72021,632.8,19326.5,52061.7
Belgium,1999,74970.4,650.8000000000001,18771.399999999998,55548.2
Belgium,2000,78695.8,629.4000000000001,19757.4,58309.00000000001
Belgium,2001,79975.5,621.5,18995.8,60358.2
Belgium,2002,76672.2,712.3,18279.899999999998,57680.0
Belgium,2003,76571.1,576.0,18679.6,57315.50000000001
Belgium,2004,83485.3,633.9000000000001,18364.100000000002,64487.3
Belgium,2005,88275.5,705.5,18840.4,68729.6
Belgium,2006,89957.6,882.7,20061.4,69013.5
Belgium,2007,96508.2,1043.5,22538.300000000003,72926.4
Belgium,2008,98348.5,1168.7,22341.1,74838.70000000001
Belgium,2009,91386.3,1241.8000000000002,20861.800000000003,69282.7
Belgium,2010,91289.2,1165.7,19835.9,70287.6
Belgium,2011,96255.5,1326.8000000000002,21691.1,73237.6
Belgium,2012,96959.2,1312.6000000000001,21402.3,74244.29999999999
Belgium,2013,94835.8,1265.8,20882.7,72687.3
Belgium,2014,100282.3,1271.8,20465.899999999998,78544.6
Belgium,2015,103413.6,1300.1,23767.9,78345.6
Belgium,2016,107851.3,1296.6,21703.5,84851.2
Belgium,2017,109180.4,1383.6999999999998,23161.7,84635.0
Belgium,2018,112461.4,1487.7,24233.6,86740.1
Belgium,2019,117443.4,1730.4,25195.4,90517.6
Belgium,2020,111457.3,1709.1000000000001,24426.2,85322.0
Belgium,2021,116272.4,1759.2,24379.600000000002,90133.59999999999
Belgium,2022,118270,1735.3999999999999,25253.2,91281.40000000001
Belgium,2023,122456.7,1494.4,26300.5,94661.8
Bosnia and Herzegovina,1975,:,:,:,:
Bosnia and Herzegovina,1976,:,:,:,:
Bosnia and Herzegovina,1977,:,:,:,:
Bosnia and Herzegovina,1978,:,:,:,:
Bosnia and Herzegovina,1979,:,:,:,:
Bosnia and Herzegovina,1980,:,:,:,:
Bosnia and Herzegovina,1981,:,:,:,:
Bosnia and Herzegovina,1982,:,:,:,:
Bosnia and Herzegovina,1983,:,:,:,:
Bosnia and Herzegovina,1984,:,:,:,:
Bosnia and Herzegovina,1985,:,:,:,:
Bosnia and Herzegovina,1986,:,:,:,:
Bosnia and Herzegovina,1987,:,:,:,:
Bosnia and Herzegovina,1988,:,:,:,:
Bosnia and Herzegovina,1989,:,:,:,:
Bosnia and Herzegovina,1990,:,:,:,:
Bosnia and Herzegovina,1991,:,:,:,:
Bosnia and Herzegovina,1992,:,:,:,:
Bosnia and Herzegovina,1993,:,:,:,:
Bosnia and Herzegovina,1994,:,:,:,:
Bosnia and Herzegovina,1995,:,:,:,:
Bosnia and Herzegovina,1996,:,:,:,:
Bosnia and Herzegovina,1997,:,:,:,:
Bosnia and Herzegovina,1998,:,:,:,:
Bosnia and Herzegovina,1999,:,:,:,:
Bosnia and Herzegovina,2000,:,:,:,:
Bosnia and Herzegovina,2001,:,:,:,:
Bosnia and Herzegovina,2002,:,:,:,:
Bosnia and Herzegovina,2003,:,:,:,:
Bosnia and Herzegovina,2004,:,:,:,:
Bosnia and Herzegovina,2005,:,:,:,:
Bosnia and Herzegovina,2006,:,:,:,:
Bosnia and Herzegovina,2007,:,:,:,:
Bosnia and Herzegovina,2008,:,:,:,:
Bosnia and Herzegovina,2009,:,:,:,:
Bosnia and Herzegovina,2010,:,:,:,:
Bosnia and Herzegovina,2011,:,:,:,:
Bosnia and Herzegovina,2012,:,:,:,:
Bosnia and Herzegovina,2013,:,:,:,:
Bosnia and Herzegovina,2014,:,:,:,:
Bosnia and Herzegovina,2015,:,:,:,:
Bosnia and Herzegovina,2016,:,:,:,:
Bosnia and Herzegovina,2017,:,:,:,:
Bosnia and Herzegovina,2018,:,:,:,:
Bosnia and Herzegovina,2019,:,:,:,:
Bosnia and Herzegovina,2020,:,:,:,:
Bosnia and Herzegovina,2021,:,:,:,:
Bosnia and Herzegovina,2022,:,:,:,:
Bosnia and Herzegovina,2023,:,:,:,:
Bulgaria,1975,:,:,:,:
Bulgaria,1976,:,:,:,:
Bulgaria,1977,:,:,:,:
Bulgaria,1978,:,:,:,:
Bulgaria,1979,:,:,:,:
Bulgaria,1980,:,:,:,:
Bulgaria,1981,:,:,:,:
Bulgaria,1982,:,:,:,:
Bulgaria,1983,:,:,:,:
Bulgaria,1984,:,:,:,:
Bulgaria,1985,:,:,:,:
Bulgaria,1986,:,:,:,:
Bulgaria,1987,:,:,:,:
Bulgaria,1988,:,:,:,:
Bulgaria,1989,:,:,:,:
Bulgaria,1990,:,:,:,:
Bulgaria,1991,:,:,:,:
Bulgaria,1992,:,:,:,:
Bulgaria,1993,:,:,:,:
Bulgaria,1994,:,:,:,:
Bulgaria,1995,3104.4,277.4,973.7,1853.3
Bulgaria,1996,1003.2,89.6,314.59999999999997,599.0
Bulgaria,1997,2512.7,224.5,788.1,1500.1
Bulgaria,1998,3332.6,332.4,1037.1,1963.1
Bulgaria,1999,4078.6,352.5,1248.7,2477.3999999999996
Bulgaria,2000,4750.7,459.2,1551.1,2740.4
Bulgaria,2001,5692.9,483.09999999999997,1822.6000000000001,3387.199999999999
Bulgaria,2002,6156,339.6,2413.5,3402.8999999999996
Bulgaria,2003,6947.3,457.09999999999997,2938.3,3551.8999999999996
Bulgaria,2004,7905,602.1999999999999,3181.7,4121.1
Bulgaria,2005,10018.3,547.9000000000001,4491.9,4978.5
Bulgaria,2006,11315.8,519.2,4983.0,5813.5999999999985
Bulgaria,2007,12793.1,524.5,5479.4,6789.200000000001
Bulgaria,2008,15603.3,1063.9,7135.200000000001,7404.199999999999
Bulgaria,2009,12845.7,594.5,5857.6,6393.6
Bulgaria,2010,10579.6,682.4,4260.7,5636.500000000001
Bulgaria,2011,10113.8,885.3000000000001,4084.2999999999997,5144.200000000001
Bulgaria,2012,10298,779.7,4807.3,4710.999999999999
Bulgaria,2013,10354,781.8,4855.1,4717.1
Bulgaria,2014,10714.2,1076.6,4370.099999999999,5267.500000000001
Bulgaria,2015,10998.8,911.4,5665.9,4421.5
Bulgaria,2016,10270,801.5,4831.3,4637.2
Bulgaria,2017,10601.7,807.6999999999999,4239.9,5554.1
Bulgaria,2018,11174.7,961.0,4191.2,6022.500000000001
Bulgaria,2019,11680.8,929.8,4358.5,6392.5
Bulgaria,2020,11750.2,802.2,4085.0,6863.0
Bulgaria,2021,10771.5,677.9,4177.8,5915.8
Bulgaria,2022,11470.9,867.6,4405.700000000001,6197.5999999999985
Bulgaria,2023,12639.6,841.9,4903.5,6894.200000000001
Croatia,1975,:,:,:,:
Croatia,1976,:,:,:,:
Croatia,1977,:,:,:,:
Croatia,1978,:,:,:,:
Croatia,1979,:,:,:,:
Croatia,1980,:,:,:,:
Croatia,1981,:,:,:,:
Croatia,1982,:,:,:,:
Croatia,1983,:,:,:,:
Croatia,1984,:,:,:,:
Croatia,1985,:,:,:,:
Croatia,1986,:,:,:,:
Croatia,1987,:,:,:,:
Croatia,1988,:,:,:,:
Croatia,1989,:,:,:,:
Croatia,1990,:,:,:,:
Croatia,1991,:,:,:,:
Croatia,1992,:,:,:,:
Croatia,1993,:,:,:,:
Croatia,1994,:,:,:,:
Croatia,1995,3834.4,36.0,1257.0,2541.4
Croatia,1996,5203.5,53.8,1945.6,3204.1
Croatia,1997,6756.8,123.69999999999999,2479.0,4154.1
Croatia,1998,7013.7,195.0,2618.3,4200.4
Croatia,1999,7097,123.0,2456.0,4518.0
Croatia,2000,7081.2,163.0,2157.8,4760.4
Croatia,2001,7421.4,167.4,2217.6,5036.4
Croatia,2002,8198,203.3,2426.1,5568.6
Croatia,2003,10046.7,298.2,2845.1,6903.4
Croatia,2004,10481.3,309.9,2724.5,7446.9
Croatia,2005,10995,322.5,3161.2000000000003,7511.299999999999
Croatia,2006,12000.7,382.0,3614.0,8004.700000000001
Croatia,2007,12625.6,335.3,3717.2,8573.100000000002
Croatia,2008,13804.7,541.3,4198.6,9064.800000000001
Croatia,2009,11675.5,397.29999999999995,3559.8,7718.400000000001
Croatia,2010,10005.7,408.0,2975.5,6622.200000000001
Croatia,2011,9615.5,434.0,2913.5999999999995,6267.900000000001
Croatia,2012,9134.4,277.59999999999997,2997.8,5858.999999999999
Croatia,2013,9134.1,352.4,3022.1000000000004,5759.6
Croatia,2014,8854.3,283.20000000000005,2840.8999999999996,5730.199999999999
Croatia,2015,9667.4,326.7,3367.7000000000003,5972.999999999998
Croatia,2016,10125.2,359.09999999999997,3811.5999999999995,5954.500000000001
Croatia,2017,10263.1,426.6,3580.9,6255.6
Croatia,2018,10719.1,431.3,3487.7,6800.100000000001
Croatia,2019,12095.8,476.5,3798.8999999999996,7820.4
Croatia,2020,11337.4,470.7,3722.7000000000003,7143.999999999998
Croatia,2021,11886.3,506.9,3833.8,7545.599999999999
Croatia,2022,13118.9,554.8,3730.0,8834.1
Croatia,2023,14449.6,556.9,3726.6000000000004,10166.1
Cyprus,1975,:,:,:,:
Cyprus,1976,:,:,:,:
Cyprus,1977,:,:,:,:
Cyprus,1978,:,:,:,:
Cyprus,1979,:,:,:,:
Cyprus,1980,:,:,:,:
Cyprus,1981,:,:,:,:
Cyprus,1982,:,:,:,:
Cyprus,1983,:,:,:,:
Cyprus,1984,:,:,:,:
Cyprus,1985,:,:,:,:
Cyprus,1986,:,:,:,:
Cyprus,1987,:,:,:,:
Cyprus,1988,:,:,:,:
Cyprus,1989,:,:,:,:
Cyprus,1990,:,:,:,:
Cyprus,1991,:,:,:,:
Cyprus,1992,:,:,:,:
Cyprus,1993,:,:,:,:
Cyprus,1994,:,:,:,:
Cyprus,1995,2979.9,97.7,286.3,2595.9
Cyprus,1996,2855.2,91.0,323.4,2440.7999999999997
Cyprus,1997,2975.2,97.8,335.40000000000003,2541.9999999999995
Cyprus,1998,2524.3,107.2,426.20000000000005,1990.9000000000003
Cyprus,1999,2899.6,114.4,392.0,2393.2
Cyprus,2000,2869.2,120.5,326.6,2422.1
Cyprus,2001,2869.6,129.8,345.8,2393.9999999999995
Cyprus,2002,3196.9,108.60000000000001,341.3,2747.0
Cyprus,2003,3258.3,101.8,412.49999999999994,2744.0
Cyprus,2004,3446.9,89.39999999999999,463.4,2894.1
Cyprus,2005,3670.1,80.7,448.8,3140.6
Cyprus,2006,4436,69.9,516.9000000000001,3849.2000000000003
Cyprus,2007,4769.9,59.1,667.6999999999999,4043.0999999999995
Cyprus,2008,5171.7,56.7,778.0,4337.0
Cyprus,2009,4466.6,47.0,800.3000000000001,3619.3
Cyprus,2010,4401.5,44.300000000000004,921.0,3436.2
Cyprus,2011,3885.6,107.5,787.7,2990.3999999999996
Cyprus,2012,3127.5,65.0,554.3,2508.2
Cyprus,2013,2634.9,178.4,352.1,2104.4
Cyprus,2014,2440.5,200.4,317.5,1922.6
Cyprus,2015,2397.6,236.3,312.5,1848.7999999999997
Cyprus,2016,3583.6,52.6,330.8,3200.2
Cyprus,2017,4343.5,185.5,408.40000000000003,3749.6
Cyprus,2018,4113.3,181.2,392.09999999999997,3540.0000000000005
Cyprus,2019,4396.2,147.0,538.8,3710.3999999999996
Cyprus,2020,4657.8,85.5,484.0,4088.3
Cyprus,2021,4745.7,94.5,517.1,4134.099999999999
Cyprus,2022,5171.2,399.70000000000005,604.3,4167.2
Cyprus,2023,5745.9,91.69999999999999,658.4,4995.8
Czechia,1975,:,:,:,:
Czechia,1976,:,:,:,:
Czechia,1977,:,:,:,:
Czechia,1978,:,:,:,:
Czechia,1979,:,:,:,:
Czechia,1980,:,:,:,:
Czechia,1981,:,:,:,:
Czechia,1982,:,:,:,:
Czechia,1983,:,:,:,:
Czechia,1984,:,:,:,:
Czechia,1985,:,:,:,:
Czechia,1986,:,:,:,:
Czechia,1987,:,:,:,:
Czechia,1988,:,:,:,:
Czechia,1989,:,:,:,:
Czechia,1990,:,:,:,:
Czechia,1991,:,:,:,:
Czechia,1992,:,:,:,:
Czechia,1993,:,:,:,:
Czechia,1994,:,:,:,:
Czechia,1995,32671.3,1792.7,12022.800000000001,18855.799999999996
Czechia,1996,35858,2064.1,11901.0,21892.9
Czechia,1997,34073.4,1444.5,11844.2,20784.7
Czechia,1998,33683.5,1342.4,10853.000000000002,21488.1
Czechia,1999,33038.1,1069.9,10986.6,20981.6
Czechia,2000,35445.8,1214.2,11283.1,22948.500000000007
Czechia,2001,37401.6,1570.6,12394.7,23436.3
Czechia,2002,37981.2,1424.5,11176.7,25379.999999999996
Czechia,2003,38804.2,1105.6,11399.3,26299.3
Czechia,2004,40195.6,1234.8000000000002,12042.500000000002,26918.299999999996
Czechia,2005,42383.2,1251.6,12082.099999999999,29049.5
Czechia,2006,44587.8,1325.1,12640.300000000001,30622.4
Czechia,2007,50531.9,1613.6,15467.599999999999,33450.700000000004
Czechia,2008,51253.1,1657.1,15575.9,34020.1
Czechia,2009,46468.7,1489.0,12647.800000000001,32331.899999999994
Czechia,2010,46871.3,1594.7,13438.300000000001,31838.300000000003
Czechia,2011,47249.4,1884.2,14097.599999999999,31267.600000000006
Czechia,2012,45401.9,2227.6,13946.1,29228.200000000004
Czechia,2013,44733.8,2263.7,13982.8,28487.300000000007
Czechia,2014,46000,2049.3,14699.600000000002,29251.099999999995
Czechia,2015,50066.9,1679.0,15596.000000000002,32791.9
Czechia,2016,49050.1,1959.1,15400.7,31690.3
Czechia,2017,50460.3,2093.2999999999997,15209.4,33157.6
Czechia,2018,54971.2,2121.7,15862.3,36987.2
Czechia,2019,59089,2151.8,17525.2,39412.0
Czechia,2020,56257.1,1931.0,14607.0,39719.1
Czechia,2021,60054.2,2410.6,15211.400000000001,42432.2
Czechia,2022,63844,2144.7,17763.100000000002,43936.2
Czechia,2023,65445.4,2403.3,18110.9,44931.2
Denmark,1975,21949.5,2244.3999999999996,4240.900000000001,15464.199999999997
Denmark,1976,25625.3,2681.0,4949.9,17994.4
Denmark,1977,25491.6,2879.1000000000004,4860.2,17752.3
Denmark,1978,26050.2,2924.8,4985.500000000001,18139.9
Denmark,1979,26244.5,3078.7,5027.799999999999,18138.0
Denmark,1980,23758.7,2230.7,4929.0,16599.0
Denmark,1981,19818.3,1637.3999999999999,4872.099999999999,13308.8
Denmark,1982,21501.3,2551.2,6191.3,12758.8
Denmark,1983,22461.9,2349.7,6229.599999999999,13882.600000000002
Denmark,1984,24820.4,2227.7,6396.299999999999,16196.400000000001
Denmark,1985,28297.2,2634.1,7884.2,17778.9
Denmark,1986,33409.5,2485.8999999999996,9481.9,21441.699999999997
Denmark,1987,34424.1,2246.5,10053.9,22123.699999999997
Denmark,1988,32554.3,2001.8000000000002,9382.5,21170.0
Denmark,1989,33244.4,2602.2999999999997,10609.300000000001,20032.800000000003
Denmark,1990,33222,2622.1,10119.7,20480.2
Denmark,1991,32470.6,2604.3,10106.900000000001,19759.399999999998
Denmark,1992,32363.1,2672.8,9063.6,20626.699999999997
Denmark,1993,31482,1998.6999999999998,8687.8,20795.5
Denmark,1994,33628.3,2090.6,9128.8,22408.900000000005
Denmark,1995,37142.9,2416.8,9672.9,25053.199999999997
Denmark,1996,39117.7,2505.9,10377.599999999999,26234.199999999997
Denmark,1997,43064.9,2620.3,11203.3,29241.3
Denmark,1998,45953.7,2574.1,11426.999999999998,31952.6
Denmark,1999,45844.6,2475.0,10886.2,32483.399999999998
Denmark,2000,49525.2,2603.5,11262.7,35659.0
Denmark,2001,49366.8,3087.3,11259.199999999999,35020.3
Denmark,2002,48183.4,2879.3,11256.4,34047.7
Denmark,2003,49100.2,3041.4,11394.500000000002,34664.299999999996
Denmark,2004,50857.2,2670.1,11395.1,36792.0
Denmark,2005,53956.3,2610.0,11078.099999999999,40268.200000000004
Denmark,2006,61280.6,3132.6,12334.099999999999,45813.9
Denmark,2007,61707.7,3751.7999999999997,12276.0,45679.899999999994
Denmark,2008,60236.4,3590.2,13245.300000000001,43400.9
Denmark,2009,52242.4,2735.8999999999996,12574.7,36931.8
Denmark,2010,48934.4,1965.1999999999998,11197.699999999999,35771.50000000001
Denmark,2011,49434.9,1932.2,11880.1,35622.600000000006
Denmark,2012,51279.7,2325.8,13385.399999999998,35568.5
Denmark,2013,52210.1,2581.8999999999996,14466.9,35161.299999999996
Denmark,2014,54862,2936.2,13301.3,38624.5
Denmark,2015,57061.9,2937.7,13467.6,40656.600000000006
Denmark,2016,61615,2327.3,15603.5,43684.2
Denmark,2017,64338.7,1769.1,15242.3,47327.3
Denmark,2018,66928,1979.6999999999998,14485.4,50462.9
Denmark,2019,66386.5,2097.7,14381.3,49907.5
Denmark,2020,69241.6,2036.3000000000002,16272.2,50933.100000000006
Denmark,2021,76006,2274.1,17662.1,56069.799999999996
Denmark,2022,78123.9,2237.0,20198.6,55688.299999999996
Denmark,2023,72943.2,:,:,:
Estonia,1975,:,:,:,:
Estonia,1976,:,:,:,:
Estonia,1977,:,:,:,:
Estonia,1978,:,:,:,:
Estonia,1979,:,:,:,:
Estonia,1980,:,:,:,:
Estonia,1981,:,:,:,:
Estonia,1982,:,:,:,:
Estonia,1983,:,:,:,:
Estonia,1984,:,:,:,:
Estonia,1985,:,:,:,:
Estonia,1986,:,:,:,:
Estonia,1987,:,:,:,:
Estonia,1988,:,:,:,:
Estonia,1989,:,:,:,:
Estonia,1990,:,:,:,:
Estonia,1991,:,:,:,:
Estonia,1992,:,:,:,:
Estonia,1993,:,:,:,:
Estonia,1994,:,:,:,:
Estonia,1995,1403.8,42.199999999999996,321.8,1039.8
Estonia,1996,1680.3,65.3,385.5,1229.5
Estonia,1997,2074.9,85.5,550.5,1438.9
Estonia,1998,2550.4,99.69999999999999,671.9000000000001,1778.8000000000002
Estonia,1999,2186.4,118.8,530.1,1537.5
Estonia,2000,2496.4,140.2,609.6,1746.6000000000004
Estonia,2001,2821.4,190.10000000000002,688.0999999999999,1943.2000000000003
Estonia,2002,3486.5,221.60000000000002,1004.6,2260.3
Estonia,2003,4104.8,198.5,940.4000000000001,2965.9
Estonia,2004,4330.9,232.4,1016.2,3082.3
Estonia,2005,4999,309.0,1259.0000000000002,3431.0
Estonia,2006,6136.8,309.8,1601.8,4225.2
Estonia,2007,6769.4,327.2,1541.9,4900.299999999999
Estonia,2008,5882.2,364.09999999999997,1340.6,4177.5
Estonia,2009,3694.2,205.8,898.5,2589.8999999999996
Estonia,2010,3612.8,262.9,905.1999999999999,2444.7000000000003
Estonia,2011,4899.1,389.3,1353.9,3155.9
Estonia,2012,5484.1,361.4,1603.5,3519.2000000000007
Estonia,2013,5566,376.3,1554.6,3635.1
Estonia,2014,5417.4,367.6,1339.8,3709.999999999999
Estonia,2015,5246,290.2,1213.3,3742.5
Estonia,2016,5514.1,301.1,1096.3,4116.7
Estonia,2017,6277.4,346.9,1138.9,4791.6
Estonia,2018,6938,422.3,1342.6000000000001,5173.099999999999
Estonia,2019,7365.5,336.6,1375.6,5653.299999999999
Estonia,2020,8685.2,363.6,1329.0,6992.6
Estonia,2021,8712.3,324.8,1471.6000000000001,6915.9
Estonia,2022,8002.9,374.09999999999997,1507.1000000000001,6121.699999999999
Estonia,2023,8600,400.9,2123.3999999999996,6075.700000000001
Finland,1975,:,:,:,:
Finland,1976,:,:,:,:
Finland,1977,:,:,:,:
Finland,1978,:,:,:,:
Finland,1979,:,:,:,:
Finland,1980,28244.9,2047.0,6229.599999999999,19968.300000000003
Finland,1981,29027.6,2030.5,6790.200000000001,20206.899999999998
Finland,1982,30813,2264.9,7358.700000000001,21189.399999999998
Finland,1983,32071.1,2096.3,7045.8,22929.0
Finland,1984,31873.2,2008.3999999999999,7041.499999999999,22823.3
Finland,1985,33462.9,2100.5,7505.0,23857.4
Finland,1986,34105.2,1996.0,7814.1,24295.1
Finland,1987,36043.2,1820.3,8873.9,25348.999999999993
Finland,1988,39940.1,1895.3000000000002,7962.200000000001,30082.599999999995
Finland,1989,44626.4,2107.2,10360.4,32158.800000000003
Finland,1990,43030.1,1943.8999999999999,9613.400000000001,31472.799999999996
Finland,1991,35752.4,1495.0,8056.499999999999,26200.9
Finland,1992,30836.2,1193.1,6906.099999999999,22737.000000000004
Finland,1993,26975.7,1105.5,6170.5,19699.7
Finland,1994,27204.6,1166.3999999999999,7025.299999999999,19012.899999999998
Finland,1995,30615.1,1455.2,8739.6,20420.299999999996
Finland,1996,33678.5,1445.5,9450.5,22782.5
Finland,1997,37344.4,1768.3999999999999,10148.9,25427.1
Finland,1998,41329.8,1951.0,10757.000000000002,28621.800000000003
Finland,1999,43203.6,2103.4,10819.300000000001,30280.899999999994
Finland,2000,45890,2055.6,11591.300000000001,32243.1
Finland,2001,46699.3,2165.9,12604.5,31928.9
Finland,2002,45320.7,2204.1,11517.3,31599.3
Finland,2003,46587.6,2229.2,11627.2,32731.2
Finland,2004,48758.9,2049.7,11882.1,34827.100000000006
Finland,2005,50344.2,2137.2999999999997,12022.800000000001,36184.09999999999
Finland,2006,51027.4,2172.8,12387.999999999998,36466.6
Finland,2007,56281.9,2609.9,13767.199999999999,39904.8
Finland,2008,56639,2908.2,14190.800000000001,39540.0
Finland,2009,49825.7,2404.9,12627.9,34792.899999999994
Finland,2010,52127.4,2245.1,12725.399999999998,37156.90000000001
Finland,2011,53480.5,2494.2,11981.1,39005.200000000004
Finland,2012,53099.1,2631.2,11031.6,39436.3
Finland,2013,50835,2676.9,10498.199999999999,37659.9
Finland,2014,49688.6,2377.5,10826.699999999999,36484.4
Finland,2015,49773.7,1936.6000000000001,11116.1,36721.0
Finland,2016,54350.6,1947.5,12054.0,40349.1
Finland,2017,57063.5,2125.1,13271.8,41666.600000000006
Finland,2018,59570.8,2061.9,12782.9,44726.0
Finland,2019,58951.7,2023.3,12289.4,44638.99999999999
Finland,2020,58284,2135.0,12477.0,43672.0
Finland,2021,59343.1,2054.4,14253.1,43035.6
Finland,2022,60258.5,1547.3000000000002,14948.499999999998,43762.7
Finland,2023,55521.3,1492.6999999999998,14235.9,39792.700000000004
France,1975,:,:,:,:
France,1976,:,:,:,:
France,1977,:,:,:,:
France,1978,268139.6,15096.9,41037.7,212005.0
France,1979,275765.7,15872.0,42265.799999999996,217627.90000000002
France,1980,283746.5,16480.1,45396.5,221869.90000000002
France,1981,280631.9,15896.7,44631.4,220103.80000000002
France,1982,278248.2,15700.8,45001.1,217546.30000000002
France,1983,268853.4,14617.5,43296.299999999996,210939.60000000003
France,1984,265768.5,13769.2,43405.5,208593.8
France,1985,270925.3,13753.0,45459.6,211712.69999999998
France,1986,282101.8,13695.599999999999,47098.5,221307.7
France,1987,296572.2,14209.0,49506.0,232857.2
France,1988,321989,14512.6,54336.2,253140.2
France,1989,345213.9,15715.1,59098.600000000006,270400.20000000007
France,1990,360274.1,15482.599999999999,63015.6,281775.9
France,1991,358426.6,14291.0,62832.7,281302.89999999997
France,1992,350922.4,13254.400000000001,60510.09999999999,277157.9
France,1993,330985.2,12096.8,55321.90000000001,263566.5
France,1994,335564.2,12753.900000000001,56779.799999999996,266030.5
France,1995,340070.8,13741.1,58337.799999999996,267991.9
France,1996,341163.6,14284.2,58339.7,268539.69999999995
France,1997,341909.2,14377.199999999999,58750.7,268781.3
France,1998,363602.7,15152.900000000001,63638.799999999996,284811.0
France,1999,391250.6,15836.6,68519.4,306894.6
France,2000,417138.9,15250.1,73721.0,328167.80000000005
France,2001,425795.6,14837.699999999999,74120.0,336837.89999999997
France,2002,421728.7,13930.099999999999,71239.40000000001,336559.2
France,2003,431673.8,13314.699999999999,70437.0,347922.1
France,2004,447226.4,13325.0,72693.6,361207.80000000005
France,2005,460496.1,12988.7,74166.0,373341.39999999997
France,2006,480638.9,13146.4,77271.40000000001,390221.1
France,2007,506889.5,14186.0,84454.2,408249.3
France,2008,513003.7,14898.8,84253.7,413851.2
France,2009,465659.2,12892.8,70811.3,381955.10000000003
France,2010,473868.6,11883.1,76084.4,385901.1
France,2011,483823.9,13170.6,80466.40000000001,390186.9
France,2012,482607.9,14441.0,77350.8,390816.10000000003
France,2013,479966.2,14131.300000000001,76340.20000000001,389494.7
France,2014,478063.6,13450.199999999999,79619.09999999999,384994.3
France,2015,481021.8,12808.3,78251.1,389962.4
France,2016,494292.8,12200.3,79854.90000000001,402237.6
France,2017,512573.3,11993.5,82515.20000000001,418064.6
France,2018,530524.7,13184.8,86930.6,430409.29999999993
France,2019,552329.7,13199.0,88187.1,450943.6
France,2020,520133.8,13093.3,83233.2,423807.3
France,2021,570765.5,14137.0,88330.6,468297.9
France,2022,570492.8,14559.8,92263.1,463669.9
France,2023,572715.9,14060.8,93839.0,464816.1
Germany,1975,:,:,:,:
Germany,1976,:,:,:,:
Germany,1977,:,:,:,:
Germany,1978,:,:,:,:
Germany,1979,:,:,:,:
Germany,1980,:,:,:,:
Germany,1981,:,:,:,:
Germany,1982,:,:,:,:
Germany,1983,:,:,:,:
Germany,1984,:,:,:,:
Germany,1985,:,:,:,:
Germany,1986,:,:,:,:
Germany,1987,:,:,:,:
Germany,1988,:,:,:,:
Germany,1989,:,:,:,:
Germany,1990,:,:,:,:
Germany,1991,:,:,:,:
Germany,1992,:,:,:,:
Germany,1993,:,:,:,:
Germany,1994,:,:,:,:
Germany,1995,557144.1,11827.9,141183.1,404133.1
Germany,1996,554640.1,11190.7,138030.1,405419.30000000005
Germany,1997,557512.3,10219.8,134285.5,413007.0
Germany,1998,579974.9,10846.9,137132.8,431995.2
Germany,1999,604867.7,10986.1,142824.5,451057.1
Germany,2000,617461.5,10706.7,143075.8,463679.00000000006
Germany,2001,601332.7,10432.8,144041.7,446858.1999999999
Germany,2002,564803.4,10287.0,134377.4,420139.0
Germany,2003,555671.1,9319.6,130479.59999999999,415871.9
Germany,2004,553167.1,9452.8,130253.5,413460.79999999993
Germany,2005,558101.5,10968.4,125759.49999999999,421373.6
Germany,2006,600154.3,12560.5,132200.7,455393.10000000003
Germany,2007,621880.3,12268.900000000001,141913.9,467697.5
Germany,2008,631675.5,13507.8,149150.5,469017.19999999995
Germany,2009,570621.6,12315.1,130323.3,427983.2
Germany,2010,603173.8,11057.3,132726.5,459390.0
Germany,2011,648098.9,12949.800000000001,145290.5,489858.6
Germany,2012,646699.6,12329.099999999999,149344.1,485026.4
Germany,2013,639261.2,12215.6,145523.5,481522.1
Germany,2014,662239.2,12313.699999999999,153919.19999999998,496006.30000000005
Germany,2015,673875.5,11632.9,156602.69999999998,505639.9
Germany,2016,699431.3,11041.4,163300.80000000002,525089.1
Germany,2017,717916.8,11138.5,170389.9,536388.4
Germany,2018,743840.8,10994.4,179981.3,552865.1000000001
Germany,2019,758938.5,11105.4,186323.2,561509.8999999999
Germany,2020,736476,10822.0,171234.0,554420.0
Germany,2021,741189.5,10796.0,177919.9,552473.6
Germany,2022,739716.5,11074.6,177498.2,551143.7
Germany,2023,730805.1,10918.7,184450.39999999997,535436.0
Greece,1975,:,:,:,:
Greece,1976,:,:,:,:
Greece,1977,:,:,:,:
Greece,1978,:,:,:,:
Greece,1979,:,:,:,:
Greece,1980,:,:,:,:
Greece,1981,:,:,:,:
Greece,1982,:,:,:,:
Greece,1983,:,:,:,:
Greece,1984,:,:,:,:
Greece,1985,:,:,:,:
Greece,1986,:,:,:,:
Greece,1987,:,:,:,:
Greece,1988,:,:,:,:
Greece,1989,:,:,:,:
Greece,1990,:,:,:,:
Greece,1991,:,:,:,:
Greece,1992,:,:,:,:
Greece,1993,:,:,:,:
Greece,1994,:,:,:,:
Greece,1995,27102.5,863.6,2739.5000000000005,23499.4
Greece,1996,29648.4,972.1,3244.5,25431.800000000003
Greece,1997,30560.8,1175.6,3629.4999999999995,25755.7
Greece,1998,36030.9,1247.0,4059.6,30724.300000000003
Greece,1999,38558.2,1372.5,4408.900000000001,32776.799999999996
Greece,2000,40404.5,1479.8999999999999,4975.799999999999,33948.8
Greece,2001,41992.8,1550.8,5527.4,34914.6
Greece,2002,40957.1,1223.5,3732.8,36000.799999999996
Greece,2003,45771.6,1472.6,3880.1,40418.9
Greece,2004,49256.8,1586.7,4201.4,43468.700000000004
Greece,2005,43337.2,1803.6,3817.7999999999997,37715.799999999996
Greece,2006,51439.4,1694.4,4838.4,44906.6
Greece,2007,57566.1,2286.3,5127.3,50152.49999999999
Greece,2008,53357.3,2714.1,5992.299999999999,44650.90000000001
Greece,2009,46281,2222.9,5200.799999999999,38857.3
Greece,2010,36006.2,2253.5,4151.0,29601.699999999997
Greece,2011,26915,1665.6000000000001,2544.2000000000003,22705.2
Greece,2012,21844.7,1412.6000000000001,4298.9,16133.200000000003
Greece,2013,19799.4,1923.1,2804.3,15072.000000000004
Greece,2014,19357.2,1448.8,3256.4,14652.000000000002
Greece,2015,19392.4,1758.1000000000001,3181.5,14452.800000000003
Greece,2016,19890.5,2159.4,3276.4,14454.699999999999
Greece,2017,21415,2096.6,3130.1,16188.300000000001
Greece,2018,20436.9,2254.5,3658.6,14523.800000000001
Greece,2019,20268,2509.3,3783.1,13975.6
Greece,2020,20607.1,2172.7999999999997,4588.7,13845.599999999999
Greece,2021,25071.6,2683.2000000000003,4902.7,17485.699999999997
Greece,2022,29173.7,2867.6,5591.400000000001,20714.7
Greece,2023,31088.3,3063.8,5790.8,22233.7
Hungary,1975,:,:,:,:
Hungary,1976,:,:,:,:
Hungary,1977,:,:,:,:
Hungary,1978,:,:,:,:
Hungary,1979,:,:,:,:
Hungary,1980,:,:,:,:
Hungary,1981,:,:,:,:
Hungary,1982,:,:,:,:
Hungary,1983,:,:,:,:
Hungary,1984,:,:,:,:
Hungary,1985,:,:,:,:
Hungary,1986,:,:,:,:
Hungary,1987,:,:,:,:
Hungary,1988,:,:,:,:
Hungary,1989,:,:,:,:
Hungary,1990,:,:,:,:
Hungary,1991,:,:,:,:
Hungary,1992,:,:,:,:
Hungary,1993,:,:,:,:
Hungary,1994,:,:,:,:
Hungary,1995,14291.8,780.7,3911.2,9599.899999999998
Hungary,1996,14947.6,750.8000000000001,4017.2000000000003,10179.6
Hungary,1997,16248.8,761.0,4523.8,10964.0
Hungary,1998,18100.2,860.3000000000001,5292.200000000001,11947.7
Hungary,1999,19547,1057.4,6214.7,12274.899999999998
Hungary,2000,20717.9,995.5,6403.4,13319.000000000002
Hungary,2001,21277.3,1148.2,6179.5,13949.599999999999
Hungary,2002,22912.1,1142.4,5607.3,16162.399999999998
Hungary,2003,23176.7,1298.1000000000001,6383.400000000001,15495.2
Hungary,2004,25015.8,923.0999999999999,7104.4,16988.300000000003
Hungary,2005,25920.3,843.5,7303.4,17773.4
Hungary,2006,26111.7,861.8,7110.8,18139.100000000002
Hungary,2007,27314.1,1113.0,7916.700000000001,18284.399999999998
Hungary,2008,27637.7,1132.2,8082.0,18423.5
Hungary,2009,25116.6,1280.3,6594.599999999999,17241.7
Hungary,2010,22739.1,991.5,6807.3,14940.3
Hungary,2011,22443.2,1037.4,8136.600000000001,13269.199999999997
Hungary,2012,21772.2,1055.1000000000001,7890.299999999999,12826.800000000003
Hungary,2013,23952.5,1086.8999999999999,8480.5,14385.099999999999
Hungary,2014,26922.1,1295.5,8823.4,16803.199999999997
Hungary,2015,28226.4,1139.1000000000001,8304.300000000001,18783.0
Hungary,2016,25301.6,1010.2,9134.5,15156.899999999998
Hungary,2017,30289.8,1190.9,9891.2,19207.699999999997
Hungary,2018,35265.7,1473.8999999999999,11232.900000000001,22558.899999999994
Hungary,2019,39760.8,1772.8999999999999,13073.3,24914.600000000002
Hungary,2020,36840.5,1399.0,11441.1,24000.4
Hungary,2021,38950.3,1401.8999999999999,12188.300000000001,25360.1
Hungary,2022,39316.8,1794.5,13383.0,24139.300000000003
Hungary,2023,36247.9,1518.1000000000001,12746.599999999999,21983.200000000004
Iceland,1975,:,:,:,:
Iceland,1976,:,:,:,:
Iceland,1977,:,:,:,:
Iceland,1978,:,:,:,:
Iceland,1979,:,:,:,:
Iceland,1980,:,:,:,:
Iceland,1981,:,:,:,:
Iceland,1982,:,:,:,:
Iceland,1983,:,:,:,:
Iceland,1984,:,:,:,:
Iceland,1985,:,:,:,:
Iceland,1986,:,:,:,:
Iceland,1987,:,:,:,:
Iceland,1988,:,:,:,:
Iceland,1989,:,:,:,:
Iceland,1990,:,:,:,:
Iceland,1991,:,:,:,:
Iceland,1992,:,:,:,:
Iceland,1993,:,:,:,:
Iceland,1994,:,:,:,:
Iceland,1995,1602.2,71.3,304.70000000000005,1226.2
Iceland,1996,1959.8,145.70000000000002,511.5,1302.6
Iceland,1997,2179.7,64.8,745.0,1369.8999999999996
Iceland,1998,2846,189.79999999999998,947.2,1708.9999999999998
Iceland,1999,2751.1,138.2,675.0000000000001,1937.9
Iceland,2000,3079.2,188.1,682.4,2208.7
Iceland,2001,2960.2,214.8,605.9,2139.4999999999995
Iceland,2002,2593.6,121.4,654.3000000000001,1817.8999999999996
Iceland,2003,2833.6,93.89999999999999,892.1999999999999,1847.5
Iceland,2004,3580.1,146.0,1089.1,2345.0
Iceland,2005,4662.8,151.0,1975.8,2536.0
Iceland,2006,5773.3,148.1,2444.9,3180.2999999999997
Iceland,2007,5137.6,158.39999999999998,2125.8,2853.4000000000005
Iceland,2008,4189.3,88.5,1434.4,2666.4
Iceland,2009,2201.2,97.8,686.9,1416.4999999999995
Iceland,2010,2016,104.0,591.8000000000001,1320.1999999999998
Iceland,2011,2236.4,129.0,724.3,1383.1000000000001
Iceland,2012,2351.4,134.0,621.1,1596.3000000000002
Iceland,2013,2403.9,91.8,578.2,1733.8999999999999
Iceland,2014,2792,142.5,597.1999999999999,2052.3
Iceland,2015,3391.8,251.4,727.4000000000001,2413.0
Iceland,2016,4001.9,244.5,966.9000000000001,2790.5
Iceland,2017,4424.8,274.4,1009.3000000000002,3141.1000000000004
Iceland,2018,4526.7,181.9,1006.6,3338.2000000000003
Iceland,2019,4341.1,232.4,904.4000000000001,3204.3000000000006
Iceland,2020,4020.4,215.8,798.4000000000001,3006.2
Iceland,2021,4596.3,292.79999999999995,901.9000000000001,3401.6
Iceland,2022,5316.8,220.5,976.5,4119.8
Iceland,2023,5402.2,204.1,1014.6999999999999,4183.4
Ireland,1975,:,:,:,:
Ireland,1976,:,:,:,:
Ireland,1977,:,:,:,:
Ireland,1978,:,:,:,:
Ireland,1979,:,:,:,:
Ireland,1980,:,:,:,:
Ireland,1981,:,:,:,:
Ireland,1982,:,:,:,:
Ireland,1983,:,:,:,:
Ireland,1984,:,:,:,:
Ireland,1985,:,:,:,:
Ireland,1986,:,:,:,:
Ireland,1987,:,:,:,:
Ireland,1988,:,:,:,:
Ireland,1989,:,:,:,:
Ireland,1990,:,:,:,:
Ireland,1991,:,:,:,:
Ireland,1992,:,:,:,:
Ireland,1993,:,:,:,:
Ireland,1994,:,:,:,:
Ireland,1995,18323.6,1206.8000000000002,3984.5,13132.3
Ireland,1996,21333.6,1378.1,4826.3,15129.2
Ireland,1997,24705.5,1528.8000000000002,5269.5,17907.2
Ireland,1998,28026,1444.2,6373.799999999999,20208.0
Ireland,1999,31970.6,1315.9,6540.099999999999,24114.6
Ireland,2000,33586,1286.3000000000002,7007.200000000001,25292.5
Ireland,2001,35541.3,1124.3,7226.0,27191.0
Ireland,2002,37515.9,1186.8,9302.1,27027.0
Ireland,2003,40507.8,1273.4,8953.2,30281.2
Ireland,2004,44460.5,1125.9,8824.6,34510.0
Ireland,2005,51946.5,1183.4,11133.999999999998,39629.1
Ireland,2006,55692.6,1469.1,10660.8,43562.7
Ireland,2007,55709.9,2002.1,9751.9,43955.9
Ireland,2008,49257.5,2752.5,8683.4,37821.6
Ireland,2009,40919.3,1304.8000000000002,8786.1,30828.4
Ireland,2010,34769,997.4000000000001,7571.7,26199.899999999998
Ireland,2011,34753.4,1175.2,6184.7,27393.500000000004
Ireland,2012,40419.1,1494.9,7983.099999999999,30941.1
Ireland,2013,38730.8,1218.1999999999998,9853.1,27659.500000000007
Ireland,2014,46140.5,1263.4,10519.6,34357.5
Ireland,2015,71790.6,1393.5,30236.399999999998,40160.70000000001
Ireland,2016,100446.3,1310.1,50406.2,48730.0
Ireland,2017,104187,1295.3,22879.600000000002,80012.09999999999
Ireland,2018,94720.6,1264.6,33858.200000000004,59597.799999999996
Ireland,2019,189137.1,1489.8,86438.70000000001,101208.6
Ireland,2020,157987,1339.8999999999999,68574.50000000001,88072.59999999999
Ireland,2021,95784.6,1354.1000000000001,42605.50000000001,51824.99999999999
Ireland,2022,99286.4,1118.4,38085.5,60082.5
Ireland,2023,102065,1086.9,39401.9,61576.200000000004
Italy,1975,:,:,:,:
Italy,1976,:,:,:,:
Italy,1977,:,:,:,:
Italy,1978,:,:,:,:
Italy,1979,:,:,:,:
Italy,1980,:,:,:,:
Italy,1981,:,:,:,:
Italy,1982,:,:,:,:
Italy,1983,:,:,:,:
Italy,1984,:,:,:,:
Italy,1985,:,:,:,:
Italy,1986,:,:,:,:
Italy,1987,:,:,:,:
Italy,1988,:,:,:,:
Italy,1989,:,:,:,:
Italy,1990,:,:,:,:
Italy,1991,:,:,:,:
Italy,1992,:,:,:,:
Italy,1993,:,:,:,:
Italy,1994,:,:,:,:
Italy,1995,295307.3,9698.5,74512.09999999999,211096.7
Italy,1996,301834.6,9573.1,73479.00000000001,218782.5
Italy,1997,308584,10295.6,74891.6,223396.80000000002
Italy,1998,320825.8,10285.900000000001,83625.1,226914.79999999996
Italy,1999,335615.1,11054.4,85938.1,238622.59999999995
Italy,2000,358778.9,12517.7,92027.7,254233.5
Italy,2001,367446.1,11854.0,95128.5,260463.59999999998
Italy,2002,380733.5,11820.6,98362.4,270550.5
Italy,2003,377358.7,11708.7,99511.70000000001,266138.3
Italy,2004,383618.6,12612.7,95313.50000000001,275692.39999999997
Italy,2005,390045.9,12838.9,93642.59999999999,283564.4
Italy,2006,400224.3,13233.099999999999,99312.49999999999,287678.7
Italy,2007,406598,12711.9,102101.4,291784.69999999995
Italy,2008,393135.6,11198.4,101437.09999999999,280500.1
Italy,2009,352310.2,9652.0,83677.3,258980.90000000002
Italy,2010,352163.3,10470.8,85416.2,256276.3
Italy,2011,346773.3,11069.4,88956.9,246746.99999999997
Italy,2012,312647.4,10062.4,80359.09999999999,222225.90000000002
Italy,2013,291608.8,8693.6,76853.1,206062.1
Italy,2014,285309.7,9895.3,76885.3,198529.10000000003
Italy,2015,290872,9500.099999999999,78302.7,203069.2
Italy,2016,302062.3,9131.800000000001,86418.2,206512.3
Italy,2017,311907,9895.4,88769.5,213242.09999999998
Italy,2018,322139.1,12704.0,93659.7,215775.39999999997
Italy,2019,327226.6,12765.0,92289.7,222171.89999999997
Italy,2020,303972.5,10669.800000000001,84535.3,208767.40000000002
Italy,2021,369458.3,12337.1,97726.0,259395.2
Italy,2022,397301.2,10945.199999999999,107118.40000000001,279237.6
Italy,2023,430992.4,:,:,:
Latvia,1975,:,:,:,:
Latvia,1976,:,:,:,:
Latvia,1977,:,:,:,:
Latvia,1978,:,:,:,:
Latvia,1979,:,:,:,:
Latvia,1980,:,:,:,:
Latvia,1981,:,:,:,:
Latvia,1982,:,:,:,:
Latvia,1983,:,:,:,:
Latvia,1984,:,:,:,:
Latvia,1985,:,:,:,:
Latvia,1986,:,:,:,:
Latvia,1987,:,:,:,:
Latvia,1988,:,:,:,:
Latvia,1989,:,:,:,:
Latvia,1990,:,:,:,:
Latvia,1991,:,:,:,:
Latvia,1992,:,:,:,:
Latvia,1993,:,:,:,:
Latvia,1994,:,:,:,:
Latvia,1995,1441.7,26.9,294.2,1120.6
Latvia,1996,1922.5,33.0,405.70000000000005,1483.8
Latvia,1997,1959.9,36.4,449.29999999999995,1474.2
Latvia,1998,2862.9,58.5,708.1999999999999,2096.2000000000003
Latvia,1999,2894.8,62.6,712.8999999999999,2119.3
Latvia,2000,3490.3,74.0,817.3,2599.0
Latvia,2001,4123.5,64.8,913.5999999999999,3145.1
Latvia,2002,4024.1,117.8,1040.4,2865.8999999999996
Latvia,2003,4600.2,214.9,1175.9,3209.4
Latvia,2004,5855.7,291.8,1473.8000000000002,4090.0999999999995
Latvia,2005,7110.1,547.1,1780.8,4782.2
Latvia,2006,8280.7,452.9,1783.5,6044.300000000001
Latvia,2007,10141.6,534.6,2352.2000000000003,7254.799999999999
Latvia,2008,8951.7,542.3,2170.9,6238.500000000002
Latvia,2009,5367.4,271.4,1387.7,3708.3
Latvia,2010,4394.6,327.7,962.6,3104.3000000000006
Latvia,2011,5560.8,486.9,1338.5,3735.4000000000005
Latvia,2012,6670.8,621.8000000000001,1641.2,4407.8
Latvia,2013,6284.6,465.7,1242.7,4576.200000000001
Latvia,2014,6052.5,348.5,1321.3,4382.7
Latvia,2015,5870.7,368.90000000000003,1132.2,4369.6
Latvia,2016,5499.7,504.0,1031.1000000000001,3964.5999999999995
Latvia,2017,6102.7,537.6,708.5,4856.599999999999
Latvia,2018,6807.1,678.9,1131.8,4996.400000000001
Latvia,2019,6898.4,487.4,1218.6,5192.4
Latvia,2020,6730.3,474.8,1521.0,4734.5
Latvia,2021,7185.1,489.2,1676.3999999999999,5019.500000000001
Latvia,2022,7070.9,677.7,1755.3999999999999,4637.8
Latvia,2023,7771.3,:,:,:
Lithuania,1975,:,:,:,:
Lithuania,1976,:,:,:,:
Lithuania,1977,:,:,:,:
Lithuania,1978,:,:,:,:
Lithuania,1979,:,:,:,:
Lithuania,1980,:,:,:,:
Lithuania,1981,:,:,:,:
Lithuania,1982,:,:,:,:
Lithuania,1983,:,:,:,:
Lithuania,1984,:,:,:,:
Lithuania,1985,:,:,:,:
Lithuania,1986,:,:,:,:
Lithuania,1987,:,:,:,:
Lithuania,1988,:,:,:,:
Lithuania,1989,:,:,:,:
Lithuania,1990,:,:,:,:
Lithuania,1991,:,:,:,:
Lithuania,1992,:,:,:,:
Lithuania,1993,:,:,:,:
Lithuania,1994,:,:,:,:
Lithuania,1995,2194.3,151.8,636.3999999999999,1406.1000000000004
Lithuania,1996,2656.2,201.9,876.2,1578.0999999999997
Lithuania,1997,3337.1,273.2,1090.5,1973.4
Lithuania,1998,4043.8,262.1,1355.8999999999999,2425.8
Lithuania,1999,3805.5,297.70000000000005,1372.3999999999999,2135.4000000000005
Lithuania,2000,3544.4,363.1,1143.1,2038.2000000000003
Lithuania,2001,3995.7,362.5,1189.0,2444.2
Lithuania,2002,4438.6,356.1,1336.8999999999999,2745.6000000000004
Lithuania,2003,5062.7,453.59999999999997,1515.5,3093.5999999999995
Lithuania,2004,5862.7,568.3,1662.9,3631.4999999999995
Lithuania,2005,6535.3,532.1,1815.9,4187.299999999999
Lithuania,2006,7815.8,414.4,2336.1,5065.300000000001
Lithuania,2007,9561.4,408.3,2819.7000000000003,6333.4
Lithuania,2008,9179.3,341.5,2392.8,6444.999999999999
Lithuania,2009,5608.3,232.5,1331.8000000000002,4044.0
Lithuania,2010,5691,484.5,1283.3,3923.2
Lithuania,2011,6906.9,628.8,1648.8000000000002,4629.299999999999
Lithuania,2012,6778,549.4000000000001,1617.2,4611.400000000001
Lithuania,2013,7334.2,784.3000000000001,1648.4,4901.5
Lithuania,2014,7745.6,730.8000000000001,1798.3999999999999,5216.400000000001
Lithuania,2015,8077.6,722.0,1991.3,5364.3
Lithuania,2016,8347.1,723.8,1788.3000000000002,5835.0
Lithuania,2017,9087.2,746.1999999999999,2053.6,6287.4
Lithuania,2018,9958.5,773.2,2405.3999999999996,6779.9
Lithuania,2019,10593.7,641.2,2767.2999999999997,7185.200000000001
Lithuania,2020,10773.6,680.1,2384.8,7708.7
Lithuania,2021,12135.9,769.4000000000001,3076.2000000000003,8290.3
Lithuania,2022,12771.2,715.4,3375.5000000000005,8680.300000000001
Lithuania,2023,13956.7,624.2,3702.8999999999996,9629.6
Luxembourg,1975,:,:,:,:
Luxembourg,1976,:,:,:,:
Luxembourg,1977,:,:,:,:
Luxembourg,1978,:,:,:,:
Luxembourg,1979,:,:,:,:
Luxembourg,1980,:,:,:,:
Luxembourg,1981,:,:,:,:
Luxembourg,1982,:,:,:,:
Luxembourg,1983,:,:,:,:
Luxembourg,1984,:,:,:,:
Luxembourg,1985,:,:,:,:
Luxembourg,1986,:,:,:,:
Luxembourg,1987,:,:,:,:
Luxembourg,1988,:,:,:,:
Luxembourg,1989,:,:,:,:
Luxembourg,1990,:,:,:,:
Luxembourg,1991,:,:,:,:
Luxembourg,1992,:,:,:,:
Luxembourg,1993,:,:,:,:
Luxembourg,1994,:,:,:,:
Luxembourg,1995,5023.6,93.1,1000.5999999999999,3929.9
Luxembourg,1996,4912.9,6.4,748.0,4158.5
Luxembourg,1997,5407,56.5,1143.5,4207.0
Luxembourg,1998,5736.3,79.9,983.9,4672.500000000001
Luxembourg,1999,6985,67.5,1137.3,5780.2
Luxembourg,2000,6764.2,142.9,1179.3,5442.0
Luxembourg,2001,7218.3,113.39999999999999,1301.6000000000001,5803.3
Luxembourg,2002,7249.2,164.3,1399.0000000000002,5685.9
Luxembourg,2003,7401.4,245.9,1496.9,5658.6
Luxembourg,2004,7872,224.29999999999998,1373.1,6274.6
Luxembourg,2005,7504,213.9,1299.8,5990.3
Luxembourg,2006,7821.2,218.60000000000002,1347.0,6255.599999999999
Luxembourg,2007,8779.3,173.79999999999998,1468.1999999999998,7137.3
Luxembourg,2008,9743.4,211.4,1571.1,7960.9
Luxembourg,2009,8397.4,215.9,1333.3999999999999,6848.1
Luxembourg,2010,8447.4,177.9,1116.3999999999999,7153.1
Luxembourg,2011,9921.5,283.2,1490.4,8147.9
Luxembourg,2012,10093.9,258.5,1310.7,8524.699999999999
Luxembourg,2013,10168.5,265.7,1364.9,8537.9
Luxembourg,2014,11035.7,289.0,1421.6,9325.1
Luxembourg,2015,10128.7,120.1,1360.0,8648.6
Luxembourg,2016,10408.9,138.9,1425.0,8845.0
Luxembourg,2017,10965.1,131.0,1475.8,9358.300000000001
Luxembourg,2018,10168.7,123.10000000000001,1496.0,8549.6
Luxembourg,2019,11541.9,129.9,1615.2,9796.8
Luxembourg,2020,10771.4,137.4,1399.3,9234.7
Luxembourg,2021,12596.1,181.20000000000002,1414.7,11000.199999999999
Luxembourg,2022,11620,300.5,1482.6,9836.9
Luxembourg,2023,11506.2,:,:,:
Malta,1975,:,:,:,:
Malta,1976,:,:,:,:
Malta,1977,:,:,:,:
Malta,1978,:,:,:,:
Malta,1979,:,:,:,:
Malta,1980,:,:,:,:
Malta,1981,:,:,:,:
Malta,1982,:,:,:,:
Malta,1983,:,:,:,:
Malta,1984,:,:,:,:
Malta,1985,:,:,:,:
Malta,1986,:,:,:,:
Malta,1987,:,:,:,:
Malta,1988,:,:,:,:
Malta,1989,:,:,:,:
Malta,1990,:,:,:,:
Malta,1991,:,:,:,:
Malta,1992,:,:,:,:
Malta,1993,:,:,:,:
Malta,1994,:,:,:,:
Malta,1995,:,:,:,:
Malta,1996,:,:,:,:
Malta,1997,:,:,:,:
Malta,1998,:,:,:,:
Malta,1999,:,:,:,:
Malta,2000,1349.2,:,:,:
Malta,2001,1216.1,:,:,:
Malta,2002,1019.9,:,:,:
Malta,2003,1332.3,:,:,:
Malta,2004,1323.8,:,:,:
Malta,2005,1482.3,:,:,:
Malta,2006,1402,:,:,:
Malta,2007,1580.7,:,:,:
Malta,2008,1550,:,:,:
Malta,2009,1513.3,:,:,:
Malta,2010,1748,:,:,:
Malta,2011,1524.5,:,:,:
Malta,2012,1760.4,:,:,:
Malta,2013,1642,:,:,:
Malta,2014,1723.1,:,:,:
Malta,2015,2689.8,:,:,:
Malta,2016,2542.7,:,:,:
Malta,2017,2519.5,:,:,:
Malta,2018,2726.7,:,:,:
Malta,2019,2985.4,:,:,:
Malta,2020,2974.1,:,:,:
Malta,2021,3634.6,:,:,:
Malta,2022,3991.3,:,:,:
Malta,2023,3305.8,:,:,:
Montenegro,1975,:,:,:,:
Montenegro,1976,:,:,:,:
Montenegro,1977,:,:,:,:
Montenegro,1978,:,:,:,:
Montenegro,1979,:,:,:,:
Montenegro,1980,:,:,:,:
Montenegro,1981,:,:,:,:
Montenegro,1982,:,:,:,:
Montenegro,1983,:,:,:,:
Montenegro,1984,:,:,:,:
Montenegro,1985,:,:,:,:
Montenegro,1986,:,:,:,:
Montenegro,1987,:,:,:,:
Montenegro,1988,:,:,:,:
Montenegro,1989,:,:,:,:
Montenegro,1990,:,:,:,:
Montenegro,1991,:,:,:,:
Montenegro,1992,:,:,:,:
Montenegro,1993,:,:,:,:
Montenegro,1994,:,:,:,:
Montenegro,1995,:,:,:,:
Montenegro,1996,:,:,:,:
Montenegro,1997,:,:,:,:
Montenegro,1998,:,:,:,:
Montenegro,1999,:,:,:,:
Montenegro,2000,:,:,:,:
Montenegro,2001,:,:,:,:
Montenegro,2002,:,:,:,:
Montenegro,2003,:,:,:,:
Montenegro,2004,:,:,:,:
Montenegro,2005,:,:,:,:
Montenegro,2006,477.3,:,:,:
Montenegro,2007,858.1,:,:,:
Montenegro,2008,1128.9,:,:,:
Montenegro,2009,802.6,:,:,:
Montenegro,2010,653.8,:,:,:
Montenegro,2011,606.9,:,:,:
Montenegro,2012,592.2,:,:,:
Montenegro,2013,655.5,:,:,:
Montenegro,2014,638.8,:,:,:
Montenegro,2015,715.2,:,:,:
Montenegro,2016,989.8,:,:,:
Montenegro,2017,1175.2,:,:,:
Montenegro,2018,1347.4,:,:,:
Montenegro,2019,1324.4,:,:,:
Montenegro,2020,1166.1,:,:,:
Montenegro,2021,1022.6,:,:,:
Montenegro,2022,1023.8,:,:,:
Montenegro,2023,1094.4,:,:,:
Netherlands,1975,:,:,:,:
Netherlands,1976,:,:,:,:
Netherlands,1977,:,:,:,:
Netherlands,1978,:,:,:,:
Netherlands,1979,:,:,:,:
Netherlands,1980,:,:,:,:
Netherlands,1981,:,:,:,:
Netherlands,1982,:,:,:,:
Netherlands,1983,:,:,:,:
Netherlands,1984,:,:,:,:
Netherlands,1985,:,:,:,:
Netherlands,1986,:,:,:,:
Netherlands,1987,:,:,:,:
Netherlands,1988,:,:,:,:
Netherlands,1989,:,:,:,:
Netherlands,1990,:,:,:,:
Netherlands,1991,:,:,:,:
Netherlands,1992,:,:,:,:
Netherlands,1993,:,:,:,:
Netherlands,1994,:,:,:,:
Netherlands,1995,100510.1,5138.2,18485.9,76886.0
Netherlands,1996,107236.5,5468.9,19537.600000000002,82230.0
Netherlands,1997,113747.8,7025.7,19800.6,86921.5
Netherlands,1998,121362.7,5874.9,20350.9,95136.9
Netherlands,1999,133461,6486.900000000001,21676.0,105298.1
Netherlands,2000,136690.1,6141.7,21079.800000000003,109468.6
Netherlands,2001,138420.9,6941.4,20595.0,110884.5
Netherlands,2002,132837.8,6865.6,19442.0,106530.19999999998
Netherlands,2003,130514.6,6793.2,18817.399999999998,104904.00000000001
Netherlands,2004,130607.2,5908.4,18558.600000000002,106140.2
Netherlands,2005,134918.8,6500.5,19037.1,109381.19999999998
Netherlands,2006,144269.4,6960.8,20474.6,116834.0
Netherlands,2007,165435.5,7416.0,22213.399999999998,135806.1
Netherlands,2008,160589.5,8388.8,23136.500000000004,129064.20000000001
Netherlands,2009,146852.1,7604.6,21367.2,117880.3
Netherlands,2010,136176.8,7512.0,21251.2,107413.59999999999
Netherlands,2011,143652.9,9865.599999999999,24008.100000000002,109779.19999999998
Netherlands,2012,134670.8,8937.7,23745.5,101987.59999999999
Netherlands,2013,132562.8,8056.0,23200.0,101306.79999999999
Netherlands,2014,129358.8,9034.9,24761.399999999998,95562.50000000001
Netherlands,2015,166981.1,7955.1,25053.3,133972.7
Netherlands,2016,151817.8,7147.200000000001,26947.999999999996,117722.59999999998
Netherlands,2017,160991.8,6797.4,26528.800000000003,127665.59999999999
Netherlands,2018,166013.4,6165.400000000001,30178.300000000003,129669.7
Netherlands,2019,178224.6,7503.7,30064.9,140656.0
Netherlands,2020,173694,5883.0,29732.0,138079.0
Netherlands,2021,177928.4,5479.1,29234.2,143215.09999999998
Netherlands,2022,183997.8,5845.1,31969.500000000004,146183.19999999998
Netherlands,2023,186401,6048.0,32534.2,147818.8
North Macedonia,1975,:,:,:,:
North Macedonia,1976,:,:,:,:
North Macedonia,1977,:,:,:,:
North Macedonia,1978,:,:,:,:
North Macedonia,1979,:,:,:,:
North Macedonia,1980,:,:,:,:
North Macedonia,1981,:,:,:,:
North Macedonia,1982,:,:,:,:
North Macedonia,1983,:,:,:,:
North Macedonia,1984,:,:,:,:
North Macedonia,1985,:,:,:,:
North Macedonia,1986,:,:,:,:
North Macedonia,1987,:,:,:,:
North Macedonia,1988,:,:,:,:
North Macedonia,1989,:,:,:,:
North Macedonia,1990,:,:,:,:
North Macedonia,1991,:,:,:,:
North Macedonia,1992,:,:,:,:
North Macedonia,1993,:,:,:,:
North Macedonia,1994,:,:,:,:
North Macedonia,1995,:,:,:,:
North Macedonia,1996,:,:,:,:
North Macedonia,1997,:,:,:,:
North Macedonia,1998,:,:,:,:
North Macedonia,1999,:,:,:,:
North Macedonia,2000,1047.7,:,:,:
North Macedonia,2001,1149.6,:,:,:
North Macedonia,2002,1148.4,:,:,:
North Macedonia,2003,1097,:,:,:
North Macedonia,2004,1183.4,:,:,:
North Macedonia,2005,1061.6,50.2,571.5,439.89999999999986
North Macedonia,2006,1132.4,:,:,:
North Macedonia,2007,1330.1,:,:,:
North Macedonia,2008,1566.5,:,:,:
North Macedonia,2009,1608.5,:,:,:
North Macedonia,2010,1543.8,:,:,:
North Macedonia,2011,1748.9,:,:,:
North Macedonia,2012,1861.8,:,:,:
North Macedonia,2013,1926.3,:,:,:
North Macedonia,2014,2003.4,:,:,:
North Macedonia,2015,2213.1,:,:,:
North Macedonia,2016,2431.5,:,:,:
North Macedonia,2017,2294,:,:,:
North Macedonia,2018,2147.1,:,:,:
North Macedonia,2019,2333.7,:,:,:
North Macedonia,2020,2343,:,:,:
North Macedonia,2021,2431.3,:,:,:
North Macedonia,2022,2521.2,:,:,:
North Macedonia,2023,2666,:,:,:
Norway,1975,34473.8,6245.299999999999,5020.5,23208.000000000004
Norway,1976,37889.9,8663.0,5138.8,24088.100000000002
Norway,1977,39043.1,10281.1,5962.1,22799.9
Norway,1978,34770.2,6820.5,5828.5,22121.199999999997
Norway,1979,35439.1,8376.8,5374.6,21687.699999999997
Norway,1980,35013.9,7817.6,5576.0,21620.300000000003
Norway,1981,36778.7,7353.200000000001,5902.3,23523.199999999997
Norway,1982,37070.8,8211.5,5038.400000000001,23820.9
Norway,1983,39111.2,9471.0,4657.900000000001,24982.299999999996
Norway,1984,39618,10864.0,4770.099999999999,23983.9
Norway,1985,38364.6,11746.6,5343.6,21274.4
Norway,1986,41203.3,12110.4,6271.2,22821.7
Norway,1987,41520.5,11027.8,6633.299999999999,23859.4
Norway,1988,41101.3,9005.699999999999,6005.499999999999,26090.100000000006
Norway,1989,38328.9,8813.1,4628.1,24887.700000000004
Norway,1990,34376.4,8756.6,4607.2,21012.600000000002
Norway,1991,34239.8,9558.7,4232.799999999999,20448.300000000003
Norway,1992,33564.5,10644.1,4255.8,18664.600000000002
Norway,1993,35328.6,11686.5,3929.9,19712.199999999997
Norway,1994,37184.4,10509.2,4262.3,22412.9
Norway,1995,38384.5,9956.7,4893.2,23534.6
Norway,1996,41977.3,10352.4,5394.5,26230.4
Norway,1997,48173.3,11601.0,5817.4,30754.9
Norway,1998,54103.7,14011.900000000001,6377.500000000001,33714.299999999996
Norway,1999,51437.2,12289.5,6115.0,33032.7
Norway,2000,49745,11433.1,5694.4,32617.5
Norway,2001,49440.1,10929.4,5862.2,32648.499999999996
Norway,2002,49265.3,10622.0,6987.3,31656.000000000004
Norway,2003,49506.2,10657.0,6554.799999999999,32294.399999999998
Norway,2004,54529.6,11503.1,7089.299999999999,35937.2
Norway,2005,61010.2,13132.099999999999,7869.5,40008.6
Norway,2006,66541.6,14463.699999999999,8348.9,43729.00000000001
Norway,2007,74694.3,16480.5,9584.6,48629.200000000004
Norway,2008,75538.2,17945.5,10675.4,46917.299999999996
Norway,2009,70238.6,18303.0,8185.7,43749.90000000001
Norway,2010,65728.5,16126.1,7717.700000000001,41884.7
Norway,2011,70625.9,17663.2,8104.4,44858.299999999996
Norway,2012,75952.9,20938.7,8901.9,46112.299999999996
Norway,2013,80764,23800.6,8465.4,48498.0
Norway,2014,80560.5,23099.0,8976.3,48485.2
Norway,2015,77335,20576.2,8835.1,47923.700000000004
Norway,2016,80384.3,17771.4,9962.699999999999,52650.200000000004
Norway,2017,82502.3,17214.8,10184.4,55103.1
Norway,2018,84337.5,16890.4,11526.0,55921.100000000006
Norway,2019,92360.7,19740.5,12649.5,59970.7
Norway,2020,88571.7,19239.100000000002,11410.9,57921.69999999999
Norway,2021,89185.9,18902.6,10776.4,59506.89999999999
Norway,2022,:,:,:,:
Norway,2023,:,:,:,:
Poland,1975,:,:,:,:
Poland,1976,:,:,:,:
Poland,1977,:,:,:,:
Poland,1978,:,:,:,:
Poland,1979,:,:,:,:
Poland,1980,:,:,:,:
Poland,1981,:,:,:,:
Poland,1982,:,:,:,:
Poland,1983,:,:,:,:
Poland,1984,:,:,:,:
Poland,1985,:,:,:,:
Poland,1986,:,:,:,:
Poland,1987,:,:,:,:
Poland,1988,:,:,:,:
Poland,1989,:,:,:,:
Poland,1990,:,:,:,:
Poland,1991,:,:,:,:
Poland,1992,:,:,:,:
Poland,1993,:,:,:,:
Poland,1994,:,:,:,:
Poland,1995,26790,2042.6,9731.7,15015.7
Poland,1996,32515.6,2336.5,12217.400000000001,17961.699999999997
Poland,1997,39542.9,2553.9,14417.599999999999,22571.4
Poland,1998,45087.3,2562.6000000000004,15963.5,26561.200000000004
Poland,1999,48198.3,2726.1000000000004,15647.5,29824.700000000004
Poland,2000,49331.1,2725.7,14403.8,32201.600000000002
Poland,2001,44177.1,2564.9,13390.1,28222.1
Poland,2002,41463,2548.7,12638.599999999999,26275.700000000004
Poland,2003,41920.1,2541.7,13722.699999999999,25655.700000000004
Poland,2004,45219.2,2788.0,15587.699999999999,26843.5
Poland,2005,48801.9,3241.5,16404.4,29156.0
Poland,2006,56479.2,3519.3999999999996,18945.5,34014.299999999996
Poland,2007,66850.8,3912.8999999999996,21999.8,40938.100000000006
Poland,2008,72526.4,4350.0,23622.8,44553.59999999999
Poland,2009,70842.2,3900.8999999999996,22551.8,44389.5
Poland,2010,67542.7,3435.0,20698.600000000002,43409.09999999999
Poland,2011,74941.3,4326.4,22344.9,48270.00000000001
Poland,2012,73127.6,4916.0,21208.0,47003.600000000006
Poland,2013,73153.7,5428.3,22002.800000000003,45722.59999999999
Poland,2014,81942.6,6323.200000000001,26017.7,49601.70000000001
Poland,2015,87507.1,6644.0,29916.000000000004,50947.100000000006
Poland,2016,81070.9,6536.4,27808.0,46726.5
Poland,2017,82518.6,5918.3,27160.399999999998,49439.90000000001
Poland,2018,93818.6,6242.6,31118.399999999998,56457.600000000006
Poland,2019,100884.5,6601.6,35415.9,58866.99999999999
Poland,2020,97842.9,6509.3,33262.9,58070.69999999999
Poland,2021,99288.3,5904.599999999999,32049.3,61334.399999999994
Poland,2022,101011.5,5979.700000000001,34021.799999999996,61010.00000000001
Poland,2023,113704.3,6855.0,36838.2,70011.1
Portugal,1975,:,:,:,:
Portugal,1976,:,:,:,:
Portugal,1977,:,:,:,:
Portugal,1978,:,:,:,:
Portugal,1979,:,:,:,:
Portugal,1980,:,:,:,:
Portugal,1981,:,:,:,:
Portugal,1982,:,:,:,:
Portugal,1983,:,:,:,:
Portugal,1984,:,:,:,:
Portugal,1985,:,:,:,:
Portugal,1986,:,:,:,:
Portugal,1987,:,:,:,:
Portugal,1988,:,:,:,:
Portugal,1989,:,:,:,:
Portugal,1990,:,:,:,:
Portugal,1991,:,:,:,:
Portugal,1992,:,:,:,:
Portugal,1993,:,:,:,:
Portugal,1994,:,:,:,:
Portugal,1995,32942.6,813.8000000000001,5351.4,26777.4
Portugal,1996,34653.2,920.9,5847.4,27884.899999999994
Portugal,1997,39561.3,1011.5,7149.400000000001,31400.4
Portugal,1998,44203.8,1086.9,9312.2,33804.7
Portugal,1999,46886.8,1245.2,9067.2,36574.40000000001
Portugal,2000,48790,1208.6000000000001,9836.3,37745.100000000006
Portugal,2001,49264.2,1225.0,8971.599999999999,39067.6
Portugal,2002,47591.7,1217.1,7523.8,38850.799999999996
Portugal,2003,44110.9,1143.8,7440.5,35526.6
Portugal,2004,44195.3,1239.6,8118.6,34837.100000000006
Portugal,2005,44242.3,1081.8,8316.5,34844.0
Portugal,2006,43908.4,1102.3,8626.0,34180.1
Portugal,2007,45265,1175.0,10055.9,34034.1
Portugal,2008,45455.2,1176.1000000000001,10828.4,33450.7
Portugal,2009,42029.5,987.5,10122.7,30919.3
Portugal,2010,41556.2,1141.5,9729.9,30684.799999999996
Portugal,2011,36344.1,1071.3,9117.6,26155.199999999997
Portugal,2012,30279.1,1048.5,7779.699999999999,21450.9
Portugal,2013,28864.2,1087.0,7409.9,20367.300000000003
Portugal,2014,29502.7,1164.2,7596.3,20742.2
Portugal,2015,31276.3,1287.9,7323.699999999999,22664.699999999997
Portugal,2016,32114.3,1215.7,7701.9,23196.699999999997
Portugal,2017,35824.3,1385.3,8914.9,25524.1
Portugal,2018,38031,1467.2,9499.9,27063.9
Portugal,2019,40134.1,1511.1999999999998,9647.8,28975.100000000002
Portugal,2020,39193.9,1471.4,9646.4,28076.1
Portugal,2021,42247.2,1557.1000000000001,10626.500000000002,30063.6
Portugal,2022,43655.4,1514.0,11227.899999999998,30913.500000000004
Portugal,2023,45220.8,:,:,:
Romania,1975,:,:,:,:
Romania,1976,:,:,:,:
Romania,1977,:,:,:,:
Romania,1978,:,:,:,:
Romania,1979,:,:,:,:
Romania,1980,:,:,:,:
Romania,1981,:,:,:,:
Romania,1982,:,:,:,:
Romania,1983,:,:,:,:
Romania,1984,:,:,:,:
Romania,1985,:,:,:,:
Romania,1986,:,:,:,:
Romania,1987,:,:,:,:
Romania,1988,:,:,:,:
Romania,1989,:,:,:,:
Romania,1990,:,:,:,:
Romania,1991,:,:,:,:
Romania,1992,:,:,:,:
Romania,1993,:,:,:,:
Romania,1994,:,:,:,:
Romania,1995,15227.9,783.0,3446.2999999999997,10998.6
Romania,1996,16507.2,2688.1000000000004,3398.8,10420.3
Romania,1997,16269.8,1202.8,3840.5,11226.5
Romania,1998,15507.7,1147.4,6301.0,8059.300000000001
Romania,1999,15211.3,1014.4000000000001,6068.6,8128.299999999999
Romania,2000,16101.4,1142.4,5607.599999999999,9351.400000000001
Romania,2001,17799.5,1079.1999999999998,6499.6,10220.699999999999
Romania,2002,19100.2,1122.3,6819.1,11158.800000000001
Romania,2003,21059.6,1285.9,7117.0,12656.699999999997
Romania,2004,23082.6,1592.8000000000002,8220.4,13269.4
Romania,2005,25743,1561.5,9130.4,15051.1
Romania,2006,32576.5,2286.3,10692.199999999999,19598.0
Romania,2007,49189.7,2882.3999999999996,17123.300000000003,29183.999999999993
Romania,2008,57968.2,3262.5,19173.9,35531.799999999996
Romania,2009,38293.8,2438.1,11678.900000000001,24176.800000000003
Romania,2010,37234.2,2519.6,12347.099999999999,22367.5
Romania,2011,40659.1,2879.2,13384.599999999999,24395.300000000003
Romania,2012,41798.2,2959.0,16160.800000000001,22678.399999999994
Romania,2013,39580.8,3951.4,14039.0,21590.4
Romania,2014,41840.1,3657.3,13439.400000000001,24743.399999999994
Romania,2015,44540.4,2952.5,13709.400000000001,27878.5
Romania,2016,43461.8,2009.2,14014.2,27438.400000000005
Romania,2017,45932.7,2851.9,14794.099999999999,28286.699999999997
Romania,2018,45089.8,2539.2,18022.0,24528.600000000006
Romania,2019,51822.3,3359.8999999999996,15410.899999999998,33051.5
Romania,2020,51578,3397.4,14391.099999999999,33789.5
Romania,2021,53658.8,2931.3999999999996,14896.2,35831.2
Romania,2022,56578.8,4435.8,16524.8,35618.2
Romania,2023,64795.6,5176.5,19295.1,40324.0
Serbia,1975,:,:,:,:
Serbia,1976,:,:,:,:
Serbia,1977,:,:,:,:
Serbia,1978,:,:,:,:
Serbia,1979,:,:,:,:
Serbia,1980,:,:,:,:
Serbia,1981,:,:,:,:
Serbia,1982,:,:,:,:
Serbia,1983,:,:,:,:
Serbia,1984,:,:,:,:
Serbia,1985,:,:,:,:
Serbia,1986,:,:,:,:
Serbia,1987,:,:,:,:
Serbia,1988,:,:,:,:
Serbia,1989,:,:,:,:
Serbia,1990,:,:,:,:
Serbia,1991,:,:,:,:
Serbia,1992,:,:,:,:
Serbia,1993,:,:,:,:
Serbia,1994,:,:,:,:
Serbia,1995,2155.5,:,:,:
Serbia,1996,2380.4,:,:,:
Serbia,1997,2927.4,:,:,:
Serbia,1998,3034.2,:,:,:
Serbia,1999,2500.3,:,:,:
Serbia,2000,2624,:,:,:
Serbia,2001,2742.2,:,:,:
Serbia,2002,3556.3,:,:,:
Serbia,2003,4316.7,:,:,:
Serbia,2004,5136.2,:,:,:
Serbia,2005,5422.6,:,:,:
Serbia,2006,6266.1,:,:,:
Serbia,2007,7863.7,:,:,:
Serbia,2008,8500,:,:,:
Serbia,2009,6585.5,:,:,:
Serbia,2010,6157.1,:,:,:
Serbia,2011,6444.4,:,:,:
Serbia,2012,7341.1,:,:,:
Serbia,2013,6463.4,:,:,:
Serbia,2014,6240.8,:,:,:
Serbia,2015,6627.6,:,:,:
Serbia,2016,6964.3,:,:,:
Serbia,2017,7426.9,:,:,:
Serbia,2018,8727.9,:,:,:
Serbia,2019,10231.5,:,:,:
Serbia,2020,10037,:,:,:
Serbia,2021,11613,:,:,:
Serbia,2022,:,:,:,:
Serbia,2023,:,:,:,:
Slovakia,1975,:,:,:,:
Slovakia,1976,:,:,:,:
Slovakia,1977,:,:,:,:
Slovakia,1978,:,:,:,:
Slovakia,1979,:,:,:,:
Slovakia,1980,:,:,:,:
Slovakia,1981,:,:,:,:
Slovakia,1982,:,:,:,:
Slovakia,1983,:,:,:,:
Slovakia,1984,:,:,:,:
Slovakia,1985,:,:,:,:
Slovakia,1986,:,:,:,:
Slovakia,1987,:,:,:,:
Slovakia,1988,:,:,:,:
Slovakia,1989,:,:,:,:
Slovakia,1990,:,:,:,:
Slovakia,1991,:,:,:,:
Slovakia,1992,:,:,:,:
Slovakia,1993,:,:,:,:
Slovakia,1994,:,:,:,:
Slovakia,1995,9939.5,470.6,3824.0,5644.9
Slovakia,1996,12725.1,607.7,4632.9,7484.5
Slovakia,1997,14445.4,682.0,5265.0,8498.4
Slovakia,1998,15616.4,829.6,6018.3,8768.5
Slovakia,1999,13297.7,711.4,4969.500000000001,7616.8
Slovakia,2000,11676.2,490.5,3810.0,7375.700000000001
Slovakia,2001,13151.5,443.1,4809.099999999999,7899.3
Slovakia,2002,13091.8,486.29999999999995,4655.7,7949.8
Slovakia,2003,12521.8,450.0,4637.999999999999,7433.8
Slovakia,2004,13238.2,492.29999999999995,5364.799999999999,7381.100000000002
Slovakia,2005,15421.8,951.4,6519.099999999999,7951.3
Slovakia,2006,16489.8,561.8,7219.900000000001,8708.099999999999
Slovakia,2007,18152.6,606.1,8725.6,8820.9
Slovakia,2008,18771.1,894.6,7649.9,10226.6
Slovakia,2009,15144,577.1,5421.7,9145.2
Slovakia,2010,16386.9,548.2,5593.3,10245.400000000001
Slovakia,2011,18545.5,667.3,7874.499999999999,10003.7
Slovakia,2012,16663.6,559.0,6718.0,9386.599999999999
Slovakia,2013,16892.6,561.4,5866.799999999999,10464.4
Slovakia,2014,17364.9,558.8000000000001,6209.1,10597.000000000002
Slovakia,2015,20937.6,657.3,7204.0,13076.3
Slovakia,2016,19007,691.3,6795.7,11520.0
Slovakia,2017,19017.8,755.2,6736.400000000001,11526.199999999997
Slovakia,2018,19664.6,680.4,6307.8,12676.399999999998
Slovakia,2019,20648.8,811.3000000000001,6650.799999999999,13186.7
Slovakia,2020,18657.5,661.6999999999999,5750.6,12245.199999999999
Slovakia,2021,19601.4,782.4000000000001,6054.9,12764.1
Slovakia,2022,19227.2,921.5,5696.0,12609.7
Slovakia,2023,22422.6,975.8,7213.900000000001,14232.899999999998
Slovenia,1975,:,:,:,:
Slovenia,1976,:,:,:,:
Slovenia,1977,:,:,:,:
Slovenia,1978,:,:,:,:
Slovenia,1979,:,:,:,:
Slovenia,1980,:,:,:,:
Slovenia,1981,:,:,:,:
Slovenia,1982,:,:,:,:
Slovenia,1983,:,:,:,:
Slovenia,1984,:,:,:,:
Slovenia,1985,:,:,:,:
Slovenia,1986,:,:,:,:
Slovenia,1987,:,:,:,:
Slovenia,1988,:,:,:,:
Slovenia,1989,:,:,:,:
Slovenia,1990,:,:,:,:
Slovenia,1991,:,:,:,:
Slovenia,1992,:,:,:,:
Slovenia,1993,:,:,:,:
Slovenia,1994,:,:,:,:
Slovenia,1995,5409,284.8,1397.7,3726.5
Slovenia,1996,5848.2,289.6,1468.6,4089.9999999999995
Slovenia,1997,6589.4,309.9,1782.7,4496.8
Slovenia,1998,7116.5,291.2,1938.1000000000001,4887.2
Slovenia,1999,8070.3,335.5,2278.5,5456.3
Slovenia,2000,8262,270.9,2353.5,5637.6
Slovenia,2001,8427.6,298.3,2541.9,5587.4
Slovenia,2002,8396.8,327.7,2458.4,5610.699999999999
Slovenia,2003,8882.8,330.59999999999997,2797.0000000000005,5755.199999999999
Slovenia,2004,9375.3,303.3,2913.0,6159.0
Slovenia,2005,9714,337.20000000000005,2934.2000000000007,6442.5999999999985
Slovenia,2006,10709.6,318.2,3256.3,7135.099999999999
Slovenia,2007,11986.9,338.3,3388.0,8260.6
Slovenia,2008,12831.7,389.8,3437.4999999999995,9004.400000000001
Slovenia,2009,9998.9,342.8,2702.9999999999995,6953.1
Slovenia,2010,8589.2,293.6,2336.1,5959.5
Slovenia,2011,8154.2,299.1,2497.0000000000005,5358.0999999999985
Slovenia,2012,7475.4,291.8,2405.5,4778.099999999999
Slovenia,2013,7748,307.3,2870.3,4570.4
Slovenia,2014,7819.6,288.3,2575.7999999999997,4955.5
Slovenia,2015,7771.1,353.3,2337.2000000000003,5080.6
Slovenia,2016,7541.8,334.59999999999997,2491.4,4715.799999999999
Slovenia,2017,8256.3,379.5,2824.7000000000003,5052.0999999999985
Slovenia,2018,9129.7,438.40000000000003,3078.2,5613.100000000001
Slovenia,2019,9579.7,432.8,3189.4,5957.500000000002
Slovenia,2020,8891.5,362.3,2861.6000000000004,5667.6
Slovenia,2021,9982.8,412.5,3298.2999999999997,6272.0
Slovenia,2022,10400.2,408.3,3251.0999999999995,6740.800000000002
Slovenia,2023,10803.1,397.0,3352.2999999999997,7053.800000000001
Spain,1975,:,:,:,:
Spain,1976,:,:,:,:
Spain,1977,:,:,:,:
Spain,1978,:,:,:,:
Spain,1979,:,:,:,:
Spain,1980,:,:,:,:
Spain,1981,:,:,:,:
Spain,1982,:,:,:,:
Spain,1983,:,:,:,:
Spain,1984,:,:,:,:
Spain,1985,:,:,:,:
Spain,1986,:,:,:,:
Spain,1987,:,:,:,:
Spain,1988,:,:,:,:
Spain,1989,:,:,:,:
Spain,1990,:,:,:,:
Spain,1991,:,:,:,:
Spain,1992,:,:,:,:
Spain,1993,:,:,:,:
Spain,1994,:,:,:,:
Spain,1995,149526,3553.0,37937.0,108036.0
Spain,1996,153265,4309.0,40659.0,108297.0
Spain,1997,161732,4538.0,43112.0,114082.0
Spain,1998,179141,5097.0,48729.0,125315.0
Spain,1999,196894,5525.0,54120.0,137249.0
Spain,2000,211978,4578.0,50609.0,156791.0
Spain,2001,220855,4227.0,48670.0,167958.0
Spain,2002,229875,4434.0,49858.0,175583.0
Spain,2003,244995,4667.0,51676.0,188652.0
Spain,2004,256180,4730.0,56127.0,195323.0
Spain,2005,274052,4997.0,60609.0,208446.0
Spain,2006,293947,4676.0,69169.0,220102.0
Spain,2007,305691,4770.0,73156.0,227765.0
Spain,2008,292859,5567.0,67642.0,219650.0
Spain,2009,242697,6208.0,48290.0,188199.0
Spain,2010,230215,5780.0,44234.0,180201.0
Spain,2011,213306,4880.0,43883.0,164543.0
Spain,2012,198090,4767.0,44531.0,148792.0
Spain,2013,191131,4439.0,47942.0,138750.0
Spain,2014,199482,4994.0,48420.0,146068.0
Spain,2015,210107,5317.0,50722.0,154068.0
Spain,2016,214379,6273.0,62313.0,145793.0
Spain,2017,228851,6437.0,59254.0,163160.0
Spain,2018,243700,6561.0,61899.0,175240.0
Spain,2019,255620,6551.0,67392.0,181677.0
Spain,2020,232798,5951.0,57766.0,169081.0
Spain,2021,238933,6444.0,53513.0,178976.0
Spain,2022,246705,6035.0,55474.0,185196.0
Spain,2023,251977,:,:,:
Sweden,1975,:,:,:,:
Sweden,1976,:,:,:,:
Sweden,1977,:,:,:,:
Sweden,1978,:,:,:,:
Sweden,1979,:,:,:,:
Sweden,1980,:,:,:,:
Sweden,1981,:,:,:,:
Sweden,1982,:,:,:,:
Sweden,1983,:,:,:,:
Sweden,1984,:,:,:,:
Sweden,1985,:,:,:,:
Sweden,1986,:,:,:,:
Sweden,1987,:,:,:,:
Sweden,1988,:,:,:,:
Sweden,1989,:,:,:,:
Sweden,1990,:,:,:,:
Sweden,1991,:,:,:,:
Sweden,1992,:,:,:,:
Sweden,1993,47373.3,1760.4,11741.1,33871.8
Sweden,1994,50976,1864.8999999999999,13958.699999999999,35152.4
Sweden,1995,55173.8,1993.7,17319.5,35860.600000000006
Sweden,1996,58015.2,2080.5,18692.7,37242.0
Sweden,1997,58759.3,2536.2999999999997,19056.999999999996,37166.0
Sweden,1998,63305.7,2372.5,19899.0,41034.2
Sweden,1999,66968.2,2352.6,20174.699999999997,44440.9
Sweden,2000,70844.1,2405.7,21028.300000000003,47410.100000000006
Sweden,2001,72610.5,2513.5,21692.5,48404.5
Sweden,2002,71988,2638.1,19806.1,49543.799999999996
Sweden,2003,72808.3,2804.2000000000003,19806.500000000004,50197.600000000006
Sweden,2004,76707.6,2957.3,19679.9,54070.4
Sweden,2005,79135.2,3293.0,21175.2,54667.0
Sweden,2006,87117.8,3466.2,22023.8,61627.8
Sweden,2007,94469.5,3764.3,24312.0,66393.2
Sweden,2008,94914.3,4151.1,23841.2,66922.0
Sweden,2009,83208,3570.1,20611.199999999997,59026.7
Sweden,2010,88208.9,3838.2000000000003,21262.0,63108.7
Sweden,2011,93196.9,4415.700000000001,21557.100000000002,67224.09999999999
Sweden,2012,92289.7,4280.6,21745.399999999998,66263.7
Sweden,2013,92258.4,3775.2,22157.899999999998,66325.3
Sweden,2014,97406,3476.7,23446.599999999995,70482.70000000001
Sweden,2015,104157,3880.0,24788.8,75488.2
Sweden,2016,109444.3,3338.3,25558.5,80547.5
Sweden,2017,113897.4,3402.8,25656.7,84837.9
Sweden,2018,115458.7,4047.5,26474.199999999997,84937.0
Sweden,2019,115530.4,3471.6,26887.600000000002,85171.19999999998
Sweden,2020,117430.7,3724.5,26533.299999999996,87172.9
Sweden,2021,126002.9,3724.5,28682.799999999996,93595.6
Sweden,2022,126329.4,3476.1,28312.2,94541.09999999999
Sweden,2023,124609.2,3754.7000000000003,30546.600000000002,90307.9
Switzerland,1975,:,:,:,:
Switzerland,1976,:,:,:,:
Switzerland,1977,:,:,:,:
Switzerland,1978,:,:,:,:
Switzerland,1979,:,:,:,:
Switzerland,1980,:,:,:,:
Switzerland,1981,:,:,:,:
Switzerland,1982,:,:,:,:
Switzerland,1983,:,:,:,:
Switzerland,1984,:,:,:,:
Switzerland,1985,:,:,:,:
Switzerland,1986,:,:,:,:
Switzerland,1987,:,:,:,:
Switzerland,1988,:,:,:,:
Switzerland,1989,:,:,:,:
Switzerland,1990,:,:,:,:
Switzerland,1991,:,:,:,:
Switzerland,1992,:,:,:,:
Switzerland,1993,:,:,:,:
Switzerland,1994,:,:,:,:
Switzerland,1995,104936.8,:,:,:
Switzerland,1996,103623.1,:,:,:
Switzerland,1997,107949.2,:,:,:
Switzerland,1998,116756.1,:,:,:
Switzerland,1999,120151.5,:,:,:
Switzerland,2000,125891.6,:,:,:
Switzerland,2001,124102,:,:,:
Switzerland,2002,125407,:,:,:
Switzerland,2003,124804.3,:,:,:
Switzerland,2004,131696.5,:,:,:
Switzerland,2005,136040.5,:,:,:
Switzerland,2006,142305.8,:,:,:
Switzerland,2007,149445.9,:,:,:
Switzerland,2008,150098.3,:,:,:
Switzerland,2009,139534.3,:,:,:
Switzerland,2010,144564.3,:,:,:
Switzerland,2011,148655,:,:,:
Switzerland,2012,155733.2,:,:,:
Switzerland,2013,157474.6,:,:,:
Switzerland,2014,161343.6,:,:,:
Switzerland,2015,164755.4,:,:,:
Switzerland,2016,169102.6,:,:,:
Switzerland,2017,175085.1,:,:,:
Switzerland,2018,176465.1,:,:,:
Switzerland,2019,178050.2,:,:,:
Switzerland,2020,175660.9,:,:,:
Switzerland,2021,180357.8,:,:,:
Switzerland,2022,180198.2,:,:,:
Switzerland,2023,180401.7,:,:,:
United Kingdom,1975,:,:,:,:
United Kingdom,1976,:,:,:,:
United Kingdom,1977,:,:,:,:
United Kingdom,1978,:,:,:,:
United Kingdom,1979,:,:,:,:
United Kingdom,1980,:,:,:,:
United Kingdom,1981,:,:,:,:
United Kingdom,1982,:,:,:,:
United Kingdom,1983,:,:,:,:
United Kingdom,1984,:,:,:,:
United Kingdom,1985,:,:,:,:
United Kingdom,1986,:,:,:,:
United Kingdom,1987,:,:,:,:
United Kingdom,1988,:,:,:,:
United Kingdom,1989,:,:,:,:
United Kingdom,1990,:,:,:,:
United Kingdom,1991,:,:,:,:
United Kingdom,1992,:,:,:,:
United Kingdom,1993,:,:,:,:
United Kingdom,1994,:,:,:,:
United Kingdom,1995,:,:,:,:
United Kingdom,1996,:,:,:,:
United Kingdom,1997,:,:,:,:
United Kingdom,1998,:,:,:,:
United Kingdom,1999,:,:,:,:
United Kingdom,2000,:,:,:,:
United Kingdom,2001,:,:,:,:
United Kingdom,2002,:,:,:,:
United Kingdom,2003,:,:,:,:
United Kingdom,2004,:,:,:,:
United Kingdom,2005,:,:,:,:
United Kingdom,2006,:,:,:,:
United Kingdom,2007,:,:,:,:
United Kingdom,2008,:,:,:,:
United Kingdom,2009,:,:,:,:
United Kingdom,2010,:,:,:,:
United Kingdom,2011,:,:,:,:
United Kingdom,2012,:,:,:,:
United Kingdom,2013,:,:,:,:
United Kingdom,2014,:,:,:,:
United Kingdom,2015,:,:,:,:
United Kingdom,2016,:,:,:,:
United Kingdom,2017,:,:,:,:
United Kingdom,2018,:,:,:,:
United Kingdom,2019,:,:,:,:
United Kingdom,2020,:,:,:,:
United Kingdom,2021,:,:,:,:
United Kingdom,2022,:,:,:,:
United Kingdom,2023,:,:,:,:
